GRID_TYPE,GAME_ID,GAME_EVENT_ID,PLAYER_ID,PLAYER_NAME,TEAM_ID,TEAM_NAME,PERIOD,MINUTES_REMAINING,SECONDS_REMAINING,EVENT_TYPE,ACTION_TYPE,SHOT_TYPE,SHOT_ZONE_BASIC,SHOT_ZONE_AREA,SHOT_ZONE_RANGE,SHOT_DISTANCE,LOC_X,LOC_Y,SHOT_ATTEMPTED_FLAG,SHOT_MADE_FLAG,GAME_DATE,HTM,VTM
Shot Chart Detail,1022500005,16,1627668,Breanna Stewart,1611661313,New York Liberty,1,8,37,Made Shot,Cutting Layup Shot,2PT Field Goal,Restricted Area,Center(C),Less Than 8 ft.,2,-22,5,1,1,20250517,NYL,LVA
Shot Chart Detail,1022500005,45,1627668,Breanna Stewart,1611661313,New York Liberty,1,5,26,Missed Shot,Fadeaway Jump Shot,2PT Field Goal,In The Paint (Non-RA),Center(C),8-16 ft.,11,38,112,1,0,20250517,NYL,LVA
Shot Chart Detail,1022500005,181,1627668,Breanna Stewart,1611661313,New York Liberty,2,8,9,Made Shot,Step Back Jump shot,2PT Field Goal,Mid-Range,Right Side Center(RC),16-24 ft.,17,139,111,1,1,20250517,NYL,LVA
Shot Chart Detail,1022500005,201,1627668,Breanna Stewart,1611661313,New York Liberty,2,6,32,Made Shot,Cutting Layup Shot,2PT Field Goal,Restricted Area,Center(C),Less Than 8 ft.,2,-26,6,1,1,20250517,NYL,LVA
Shot Chart Detail,1022500005,247,1627668,Breanna Stewart,1611661313,New York Liberty,2,2,51,Missed Shot,Jump Shot,2PT Field Goal,Mid-Range,Center(C),8-16 ft.,15,-18,158,1,0,20250517,NYL,LVA
Shot Chart Detail,1022500005,261,1627668,Breanna Stewart,1611661313,New York Liberty,2,1,47,Made Shot,Cutting Layup Shot,2PT Field Goal,Restricted Area,Center(C),Less Than 8 ft.,3,29,25,1,1,20250517,NYL,LVA
Shot Chart Detail,1022500005,269,1627668,Breanna Stewart,1611661313,New York Liberty,2,1,12,Made Shot,Cutting Layup Shot,2PT Field Goal,In The Paint (Non-RA),Center(C),Less Than 8 ft.,5,-56,1,1,1,20250517,NYL,LVA
Shot Chart Detail,1022500005,353,1627668,Breanna Stewart,1611661313,New York Liberty,3,6,4,Made Shot,Cutting Layup Shot,2PT Field Goal,Restricted Area,Center(C),Less Than 8 ft.,3,-18,24,1,1,20250517,NYL,LVA
Shot Chart Detail,1022500005,371,1627668,Breanna Stewart,1611661313,New York Liberty,3,5,7,Missed Shot,Pullup Jump shot,3PT Field Goal,Above the Break 3,Right Side Center(RC),24+ ft.,26,197,178,1,0,20250517,NYL,LVA
Shot Chart Detail,1022500005,388,1627668,Breanna Stewart,1611661313,New York Liberty,3,3,15,Made Shot,Cutting Layup Shot,2PT Field Goal,Restricted Area,Center(C),Less Than 8 ft.,3,-6,30,1,1,20250517,NYL,LVA
Shot Chart Detail,1022500005,517,1627668,Breanna Stewart,1611661313,New York Liberty,4,5,47,Made Shot,Running Layup Shot,2PT Field Goal,Restricted Area,Center(C),Less Than 8 ft.,3,-23,22,1,1,20250517,NYL,LVA
Shot Chart Detail,1022500005,521,1627668,Breanna Stewart,1611661313,New York Liberty,4,5,0,Made Shot,Driving Layup Shot,2PT Field Goal,Restricted Area,Center(C),Less Than 8 ft.,2,-18,13,1,1,20250517,NYL,LVA
Shot Chart Detail,1022500005,527,1627668,Breanna Stewart,1611661313,New York Liberty,4,4,31,Missed Shot,Jump Shot,3PT Field Goal,Above the Break 3,Right Side Center(RC),24+ ft.,26,81,248,1,0,20250517,NYL,LVA
Shot Chart Detail,1022500005,536,1627668,Breanna Stewart,1611661313,New York Liberty,4,3,34,Made Shot,Running Layup Shot,2PT Field Goal,Restricted Area,Center(C),Less Than 8 ft.,2,-20,14,1,1,20250517,NYL,LVA
Shot Chart Detail,1022500016,7,1627668,Breanna Stewart,1611661313,New York Liberty,1,9,52,Missed Shot,Jump Shot,2PT Field Goal,Mid-Range,Right Side(R),8-16 ft.,11,118,-3,1,0,20250522,CHI,NYL
Shot Chart Detail,1022500016,55,1627668,Breanna Stewart,1611661313,New York Liberty,1,5,47,Made Shot,Reverse Layup Shot,2PT Field Goal,Restricted Area,Center(C),Less Than 8 ft.,0,7,4,1,1,20250522,CHI,NYL
Shot Chart Detail,1022500016,79,1627668,Breanna Stewart,1611661313,New York Liberty,1,4,8,Missed Shot,Turnaround Jump Shot,2PT Field Goal,In The Paint (Non-RA),Center(C),Less Than 8 ft.,5,2,54,1,0,20250522,CHI,NYL
Shot Chart Detail,1022500016,84,1627668,Breanna Stewart,1611661313,New York Liberty,1,3,42,Made Shot,Jump Shot,3PT Field Goal,Right Corner 3,Right Side(R),24+ ft.,22,225,-15,1,1,20250522,CHI,NYL
Shot Chart Detail,1022500016,214,1627668,Breanna Stewart,1611661313,New York Liberty,2,7,8,Missed Shot,Jump Shot,3PT Field Goal,Above the Break 3,Center(C),24+ ft.,27,-17,278,1,0,20250522,CHI,NYL
Shot Chart Detail,1022500016,254,1627668,Breanna Stewart,1611661313,New York Liberty,2,4,16,Made Shot,Jump Shot,3PT Field Goal,Above the Break 3,Left Side Center(LC),24+ ft.,23,-206,120,1,1,20250522,CHI,NYL
Shot Chart Detail,1022500016,346,1627668,Breanna Stewart,1611661313,New York Liberty,3,8,26,Missed Shot,Jump Shot,3PT Field Goal,Above the Break 3,Left Side(L),16-24 ft.,22,-219,66,1,0,20250522,CHI,NYL
Shot Chart Detail,1022500016,362,1627668,Breanna Stewart,1611661313,New York Liberty,3,7,22,Missed Shot,Jump Shot,3PT Field Goal,Left Corner 3,Left Side(L),24+ ft.,23,-235,0,1,0,20250522,CHI,NYL
Shot Chart Detail,1022500021,15,1627668,Breanna Stewart,1611661313,New York Liberty,1,8,25,Made Shot,Driving Finger Roll Layup Shot,2PT Field Goal,Restricted Area,Center(C),Less Than 8 ft.,0,6,7,1,1,20250524,IND,NYL
Shot Chart Detail,1022500021,40,1627668,Breanna Stewart,1611661313,New York Liberty,1,6,34,Made Shot,Running Layup Shot,2PT Field Goal,Restricted Area,Center(C),Less Than 8 ft.,0,-8,0,1,1,20250524,IND,NYL
Shot Chart Detail,1022500021,68,1627668,Breanna Stewart,1611661313,New York Liberty,1,4,29,Made Shot,Cutting Layup Shot,2PT Field Goal,Restricted Area,Center(C),Less Than 8 ft.,0,1,9,1,1,20250524,IND,NYL
Shot Chart Detail,1022500021,242,1627668,Breanna Stewart,1611661313,New York Liberty,2,3,0,Missed Shot,Jump Shot,3PT Field Goal,Above the Break 3,Center(C),24+ ft.,25,38,256,1,0,20250524,IND,NYL
Shot Chart Detail,1022500021,265,1627668,Breanna Stewart,1611661313,New York Liberty,2,1,30,Missed Shot,Turnaround Jump Shot,2PT Field Goal,In The Paint (Non-RA),Center(C),8-16 ft.,11,39,103,1,0,20250524,IND,NYL
Shot Chart Detail,1022500021,336,1627668,Breanna Stewart,1611661313,New York Liberty,3,6,59,Missed Shot,Jump Shot,3PT Field Goal,Right Corner 3,Right Side(R),24+ ft.,23,235,11,1,0,20250524,IND,NYL
Shot Chart Detail,1022500021,348,1627668,Breanna Stewart,1611661313,New York Liberty,3,6,26,Missed Shot,Driving Layup Shot,2PT Field Goal,Restricted Area,Center(C),Less Than 8 ft.,3,-5,38,1,0,20250524,IND,NYL
Shot Chart Detail,1022500021,402,1627668,Breanna Stewart,1611661313,New York Liberty,3,2,8,Missed Shot,Running Jump Shot,3PT Field Goal,Above the Break 3,Left Side Center(LC),24+ ft.,26,-215,153,1,0,20250524,IND,NYL
Shot Chart Detail,1022500021,435,1627668,Breanna Stewart,1611661313,New York Liberty,3,0,4,Missed Shot,Tip Layup Shot,2PT Field Goal,Restricted Area,Center(C),Less Than 8 ft.,0,0,-6,1,0,20250524,IND,NYL
Shot Chart Detail,1022500021,456,1627668,Breanna Stewart,1611661313,New York Liberty,4,8,54,Missed Shot,Jump Shot,3PT Field Goal,Above the Break 3,Left Side Center(LC),24+ ft.,25,-205,157,1,0,20250524,IND,NYL
Shot Chart Detail,1022500021,479,1627668,Breanna Stewart,1611661313,New York Liberty,4,6,53,Made Shot,Running Layup Shot,2PT Field Goal,Restricted Area,Center(C),Less Than 8 ft.,2,-9,19,1,1,20250524,IND,NYL
Shot Chart Detail,1022500028,7,1627668,Breanna Stewart,1611661313,New York Liberty,1,9,43,Missed Shot,Driving Layup Shot,2PT Field Goal,In The Paint (Non-RA),Center(C),Less Than 8 ft.,5,-57,5,1,0,20250527,NYL,GSV
Shot Chart Detail,1022500028,9,1627668,Breanna Stewart,1611661313,New York Liberty,1,9,41,Made Shot,Tip Layup Shot,2PT Field Goal,Restricted Area,Center(C),Less Than 8 ft.,0,0,-6,1,1,20250527,NYL,GSV
Shot Chart Detail,1022500028,19,1627668,Breanna Stewart,1611661313,New York Liberty,1,8,38,Made Shot,Turnaround Fadeaway shot,2PT Field Goal,In The Paint (Non-RA),Center(C),Less Than 8 ft.,6,-10,64,1,1,20250527,NYL,GSV
Shot Chart Detail,1022500028,41,1627668,Breanna Stewart,1611661313,New York Liberty,1,7,14,Made Shot,Jump Shot,3PT Field Goal,Above the Break 3,Center(C),24+ ft.,24,22,247,1,1,20250527,NYL,GSV
Shot Chart Detail,1022500028,45,1627668,Breanna Stewart,1611661313,New York Liberty,1,6,42,Missed Shot,Jump Shot,3PT Field Goal,Above the Break 3,Right Side Center(RC),24+ ft.,25,99,232,1,0,20250527,NYL,GSV
Shot Chart Detail,1022500028,89,1627668,Breanna Stewart,1611661313,New York Liberty,1,2,59,Made Shot,Pullup Jump shot,2PT Field Goal,In The Paint (Non-RA),Right Side(R),8-16 ft.,12,66,102,1,1,20250527,NYL,GSV
Shot Chart Detail,1022500028,207,1627668,Breanna Stewart,1611661313,New York Liberty,2,5,17,Missed Shot,Turnaround Bank shot,2PT Field Goal,Mid-Range,Center(C),8-16 ft.,15,67,145,1,0,20250527,NYL,GSV
Shot Chart Detail,1022500028,228,1627668,Breanna Stewart,1611661313,New York Liberty,2,4,27,Missed Shot,Driving Layup Shot,2PT Field Goal,Restricted Area,Center(C),Less Than 8 ft.,3,23,22,1,0,20250527,NYL,GSV
Shot Chart Detail,1022500028,246,1627668,Breanna Stewart,1611661313,New York Liberty,2,3,30,Made Shot,Cutting Layup Shot,2PT Field Goal,Restricted Area,Center(C),Less Than 8 ft.,3,-32,18,1,1,20250527,NYL,GSV
Shot Chart Detail,1022500028,326,1627668,Breanna Stewart,1611661313,New York Liberty,3,7,50,Made Shot,Jump Shot,2PT Field Goal,In The Paint (Non-RA),Center(C),8-16 ft.,8,13,88,1,1,20250527,NYL,GSV
Shot Chart Detail,1022500028,336,1627668,Breanna Stewart,1611661313,New York Liberty,3,6,53,Made Shot,Turnaround Fadeaway shot,2PT Field Goal,In The Paint (Non-RA),Center(C),Less Than 8 ft.,7,35,61,1,1,20250527,NYL,GSV
Shot Chart Detail,1022500028,479,1627668,Breanna Stewart,1611661313,New York Liberty,4,9,1,Made Shot,Jump Shot,2PT Field Goal,In The Paint (Non-RA),Center(C),8-16 ft.,11,44,109,1,1,20250527,NYL,GSV
Shot Chart Detail,1022500028,513,1627668,Breanna Stewart,1611661313,New York Liberty,4,5,42,Made Shot,Running Reverse Layup Shot,2PT Field Goal,In The Paint (Non-RA),Center(C),Less Than 8 ft.,5,23,50,1,1,20250527,NYL,GSV
Shot Chart Detail,1022500028,532,1627668,Breanna Stewart,1611661313,New York Liberty,4,4,22,Made Shot,Pullup Jump shot,2PT Field Goal,Mid-Range,Center(C),16-24 ft.,16,4,167,1,1,20250527,NYL,GSV
Shot Chart Detail,1022500033,22,1627668,Breanna Stewart,1611661313,New York Liberty,1,8,13,Missed Shot,Turnaround Jump Shot,2PT Field Goal,In The Paint (Non-RA),Center(C),Less Than 8 ft.,6,-58,23,1,0,20250529,NYL,GSV
Shot Chart Detail,1022500033,104,1627668,Breanna Stewart,1611661313,New York Liberty,1,2,20,Made Shot,Driving Layup Shot,2PT Field Goal,In The Paint (Non-RA),Center(C),Less Than 8 ft.,6,-69,7,1,1,20250529,NYL,GSV
Shot Chart Detail,1022500033,204,1627668,Breanna Stewart,1611661313,New York Liberty,2,4,43,Missed Shot,Turnaround Jump Shot,2PT Field Goal,In The Paint (Non-RA),Center(C),Less Than 8 ft.,6,61,21,1,0,20250529,NYL,GSV
Shot Chart Detail,1022500033,251,1627668,Breanna Stewart,1611661313,New York Liberty,2,2,18,Missed Shot,Turnaround Fadeaway shot,2PT Field Goal,In The Paint (Non-RA),Center(C),8-16 ft.,9,4,98,1,0,20250529,NYL,GSV
Shot Chart Detail,1022500033,259,1627668,Breanna Stewart,1611661313,New York Liberty,2,1,21,Missed Shot,Jump Shot,3PT Field Goal,Above the Break 3,Center(C),24+ ft.,24,15,248,1,0,20250529,NYL,GSV
Shot Chart Detail,1022500033,325,1627668,Breanna Stewart,1611661313,New York Liberty,3,5,32,Made Shot,Driving Finger Roll Layup Shot,2PT Field Goal,Restricted Area,Center(C),Less Than 8 ft.,3,-15,27,1,1,20250529,NYL,GSV
Shot Chart Detail,1022500033,384,1627668,Breanna Stewart,1611661313,New York Liberty,3,1,51,Made Shot,Cutting Layup Shot,2PT Field Goal,Restricted Area,Center(C),Less Than 8 ft.,2,21,17,1,1,20250529,NYL,GSV
Shot Chart Detail,1022500033,426,1627668,Breanna Stewart,1611661313,New York Liberty,4,9,44,Made Shot,Tip Layup Shot,2PT Field Goal,Restricted Area,Center(C),Less Than 8 ft.,0,0,-6,1,1,20250529,NYL,GSV
Shot Chart Detail,1022500033,489,1627668,Breanna Stewart,1611661313,New York Liberty,4,5,7,Made Shot,Driving Floating Jump Shot,2PT Field Goal,In The Paint (Non-RA),Center(C),Less Than 8 ft.,7,24,74,1,1,20250529,NYL,GSV
Shot Chart Detail,1022500033,505,1627668,Breanna Stewart,1611661313,New York Liberty,4,4,4,Missed Shot,Driving Floating Jump Shot,2PT Field Goal,In The Paint (Non-RA),Center(C),8-16 ft.,10,13,103,1,0,20250529,NYL,GSV
Shot Chart Detail,1022500033,520,1627668,Breanna Stewart,1611661313,New York Liberty,4,3,25,Made Shot,Running Layup Shot,2PT Field Goal,Restricted Area,Center(C),Less Than 8 ft.,3,28,12,1,1,20250529,NYL,GSV
Shot Chart Detail,1022500033,559,1627668,Breanna Stewart,1611661313,New York Liberty,4,0,55,Missed Shot,Jump Shot,3PT Field Goal,Left Corner 3,Left Side(L),24+ ft.,23,-233,24,1,0,20250529,NYL,GSV
Shot Chart Detail,1022500036,11,1627668,Breanna Stewart,1611661313,New York Liberty,1,9,7,Missed Shot,Jump Shot,3PT Field Goal,Right Corner 3,Right Side(R),24+ ft.,23,230,-3,1,0,20250530,WAS,NYL
Shot Chart Detail,1022500036,28,1627668,Breanna Stewart,1611661313,New York Liberty,1,7,13,Missed Shot,Pullup Jump shot,3PT Field Goal,Above the Break 3,Left Side Center(LC),24+ ft.,24,-194,154,1,0,20250530,WAS,NYL
Shot Chart Detail,1022500036,167,1627668,Breanna Stewart,1611661313,New York Liberty,2,7,42,Missed Shot,Jump Shot,3PT Field Goal,Above the Break 3,Center(C),24+ ft.,26,-60,260,1,0,20250530,WAS,NYL
Shot Chart Detail,1022500036,185,1627668,Breanna Stewart,1611661313,New York Liberty,2,6,32,Missed Shot,Jump Shot,2PT Field Goal,In The Paint (Non-RA),Center(C),8-16 ft.,8,-11,87,1,0,20250530,WAS,NYL
Shot Chart Detail,1022500036,362,1627668,Breanna Stewart,1611661313,New York Liberty,3,5,48,Missed Shot,Pullup Jump shot,3PT Field Goal,Above the Break 3,Left Side Center(LC),24+ ft.,25,-193,163,1,0,20250530,WAS,NYL
Shot Chart Detail,1022500036,380,1627668,Breanna Stewart,1611661313,New York Liberty,3,4,0,Made Shot,Driving Layup Shot,2PT Field Goal,Restricted Area,Center(C),Less Than 8 ft.,2,-22,-6,1,1,20250530,WAS,NYL
Shot Chart Detail,1022500036,388,1627668,Breanna Stewart,1611661313,New York Liberty,3,3,14,Missed Shot,Jump Shot,3PT Field Goal,Above the Break 3,Left Side Center(LC),24+ ft.,23,-163,176,1,0,20250530,WAS,NYL
Shot Chart Detail,1022500036,393,1627668,Breanna Stewart,1611661313,New York Liberty,3,2,53,Made Shot,Running Reverse Layup Shot,2PT Field Goal,Restricted Area,Center(C),Less Than 8 ft.,2,-17,-12,1,1,20250530,WAS,NYL
Shot Chart Detail,1022500036,491,1627668,Breanna Stewart,1611661313,New York Liberty,4,6,18,Missed Shot,Turnaround Jump Shot,2PT Field Goal,Mid-Range,Left Side(L),8-16 ft.,15,-156,23,1,0,20250530,WAS,NYL
Shot Chart Detail,1022500036,556,1627668,Breanna Stewart,1611661313,New York Liberty,4,2,19,Made Shot,Running Layup Shot,2PT Field Goal,Restricted Area,Center(C),Less Than 8 ft.,0,1,-4,1,1,20250530,WAS,NYL
Shot Chart Detail,1022500041,20,1627668,Breanna Stewart,1611661313,New York Liberty,1,8,11,Made Shot,Driving Layup Shot,2PT Field Goal,In The Paint (Non-RA),Center(C),Less Than 8 ft.,4,27,34,1,1,20250601,NYL,CON
Shot Chart Detail,1022500041,69,1627668,Breanna Stewart,1611661313,New York Liberty,1,3,44,Made Shot,Cutting Layup Shot,2PT Field Goal,In The Paint (Non-RA),Center(C),Less Than 8 ft.,4,-33,34,1,1,20250601,NYL,CON
Shot Chart Detail,1022500041,83,1627668,Breanna Stewart,1611661313,New York Liberty,1,2,13,Made Shot,Running Jump Shot,3PT Field Goal,Above the Break 3,Center(C),24+ ft.,26,-21,267,1,1,20250601,NYL,CON
Shot Chart Detail,1022500041,91,1627668,Breanna Stewart,1611661313,New York Liberty,1,1,24,Missed Shot,Running Pull-Up Jump Shot,3PT Field Goal,Above the Break 3,Right Side Center(RC),24+ ft.,26,213,158,1,0,20250601,NYL,CON
Shot Chart Detail,1022500041,96,1627668,Breanna Stewart,1611661313,New York Liberty,1,1,0,Made Shot,Running Layup Shot,2PT Field Goal,In The Paint (Non-RA),Center(C),Less Than 8 ft.,4,38,27,1,1,20250601,NYL,CON
Shot Chart Detail,1022500048,19,1627668,Breanna Stewart,1611661313,New York Liberty,1,8,47,Made Shot,Step Back Jump shot,2PT Field Goal,Mid-Range,Center(C),16-24 ft.,18,-17,180,1,1,20250605,WAS,NYL
Shot Chart Detail,1022500048,26,1627668,Breanna Stewart,1611661313,New York Liberty,1,8,16,Missed Shot,Jump Shot,3PT Field Goal,Above the Break 3,Center(C),24+ ft.,27,56,265,1,0,20250605,WAS,NYL
Shot Chart Detail,1022500048,38,1627668,Breanna Stewart,1611661313,New York Liberty,1,7,16,Made Shot,Reverse Layup Shot,2PT Field Goal,Restricted Area,Center(C),Less Than 8 ft.,3,-15,27,1,1,20250605,WAS,NYL
Shot Chart Detail,1022500048,81,1627668,Breanna Stewart,1611661313,New York Liberty,1,4,19,Missed Shot,Jump Shot,2PT Field Goal,Mid-Range,Left Side(L),8-16 ft.,15,-151,27,1,0,20250605,WAS,NYL
Shot Chart Detail,1022500048,123,1627668,Breanna Stewart,1611661313,New York Liberty,1,1,37,Missed Shot,Jump Bank Shot,2PT Field Goal,Mid-Range,Left Side(L),8-16 ft.,11,-95,66,1,0,20250605,WAS,NYL
Shot Chart Detail,1022500048,160,1627668,Breanna Stewart,1611661313,New York Liberty,2,9,47,Made Shot,Driving Layup Shot,2PT Field Goal,Restricted Area,Center(C),Less Than 8 ft.,3,26,25,1,1,20250605,WAS,NYL
Shot Chart Detail,1022500048,171,1627668,Breanna Stewart,1611661313,New York Liberty,2,9,1,Made Shot,Jump Shot,2PT Field Goal,Mid-Range,Right Side(R),16-24 ft.,19,190,55,1,1,20250605,WAS,NYL
Shot Chart Detail,1022500048,178,1627668,Breanna Stewart,1611661313,New York Liberty,2,8,0,Missed Shot,Jump Shot,2PT Field Goal,Mid-Range,Left Side Center(LC),16-24 ft.,19,-77,178,1,0,20250605,WAS,NYL
Shot Chart Detail,1022500048,195,1627668,Breanna Stewart,1611661313,New York Liberty,2,6,41,Missed Shot,Layup Shot,2PT Field Goal,In The Paint (Non-RA),Center(C),Less Than 8 ft.,6,-53,34,1,0,20250605,WAS,NYL
Shot Chart Detail,1022500048,301,1627668,Breanna Stewart,1611661313,New York Liberty,2,0,53,Made Shot,Driving Layup Shot,2PT Field Goal,Restricted Area,Center(C),Less Than 8 ft.,2,18,15,1,1,20250605,WAS,NYL
Shot Chart Detail,1022500048,331,1627668,Breanna Stewart,1611661313,New York Liberty,3,8,43,Missed Shot,Jump Shot,3PT Field Goal,Above the Break 3,Right Side Center(RC),24+ ft.,25,99,237,1,0,20250605,WAS,NYL
Shot Chart Detail,1022500048,337,1627668,Breanna Stewart,1611661313,New York Liberty,3,8,17,Missed Shot,Pullup Jump shot,2PT Field Goal,In The Paint (Non-RA),Center(C),8-16 ft.,10,24,101,1,0,20250605,WAS,NYL
Shot Chart Detail,1022500048,397,1627668,Breanna Stewart,1611661313,New York Liberty,3,3,30,Made Shot,Layup Shot,2PT Field Goal,Restricted Area,Center(C),Less Than 8 ft.,2,29,-5,1,1,20250605,WAS,NYL
Shot Chart Detail,1022500048,429,1627668,Breanna Stewart,1611661313,New York Liberty,3,1,39,Made Shot,Jump Shot,2PT Field Goal,Mid-Range,Center(C),16-24 ft.,16,3,160,1,1,20250605,WAS,NYL
Shot Chart Detail,1022500048,502,1627668,Breanna Stewart,1611661313,New York Liberty,4,6,20,Made Shot,Layup Shot,2PT Field Goal,Restricted Area,Center(C),Less Than 8 ft.,2,-21,9,1,1,20250605,WAS,NYL
Shot Chart Detail,1022500048,523,1627668,Breanna Stewart,1611661313,New York Liberty,4,5,6,Missed Shot,Jump Shot,3PT Field Goal,Right Corner 3,Right Side(R),24+ ft.,23,233,1,1,0,20250605,WAS,NYL
Shot Chart Detail,1022500059,23,1627668,Breanna Stewart,1611661313,New York Liberty,1,8,19,Missed Shot,Running Layup Shot,2PT Field Goal,In The Paint (Non-RA),Center(C),Less Than 8 ft.,4,32,27,1,0,20250610,NYL,CHI
Shot Chart Detail,1022500059,40,1627668,Breanna Stewart,1611661313,New York Liberty,1,7,15,Made Shot,Fadeaway Bank shot,2PT Field Goal,In The Paint (Non-RA),Center(C),Less Than 8 ft.,7,68,39,1,1,20250610,NYL,CHI
Shot Chart Detail,1022500059,58,1627668,Breanna Stewart,1611661313,New York Liberty,1,6,9,Made Shot,Driving Floating Bank Jump Shot,2PT Field Goal,In The Paint (Non-RA),Right Side(R),8-16 ft.,8,65,50,1,1,20250610,NYL,CHI
Shot Chart Detail,1022500059,71,1627668,Breanna Stewart,1611661313,New York Liberty,1,5,8,Made Shot,Turnaround Jump Shot,2PT Field Goal,In The Paint (Non-RA),Center(C),8-16 ft.,9,24,90,1,1,20250610,NYL,CHI
Shot Chart Detail,1022500059,79,1627668,Breanna Stewart,1611661313,New York Liberty,1,4,6,Missed Shot,Fadeaway Jump Shot,2PT Field Goal,In The Paint (Non-RA),Center(C),Less Than 8 ft.,4,-19,43,1,0,20250610,NYL,CHI
Shot Chart Detail,1022500059,112,1627668,Breanna Stewart,1611661313,New York Liberty,1,2,7,Made Shot,Pullup Jump shot,2PT Field Goal,Mid-Range,Right Side Center(RC),16-24 ft.,17,82,153,1,1,20250610,NYL,CHI
Shot Chart Detail,1022500059,119,1627668,Breanna Stewart,1611661313,New York Liberty,1,1,1,Missed Shot,Layup Shot,2PT Field Goal,In The Paint (Non-RA),Center(C),Less Than 8 ft.,4,-39,16,1,0,20250610,NYL,CHI
Shot Chart Detail,1022500059,186,1627668,Breanna Stewart,1611661313,New York Liberty,2,6,35,Missed Shot,Turnaround Jump Shot,2PT Field Goal,Mid-Range,Left Side(L),8-16 ft.,14,-91,117,1,0,20250610,NYL,CHI
Shot Chart Detail,1022500059,213,1627668,Breanna Stewart,1611661313,New York Liberty,2,4,5,Made Shot,Cutting Layup Shot,2PT Field Goal,In The Paint (Non-RA),Center(C),Less Than 8 ft.,4,-46,10,1,1,20250610,NYL,CHI
Shot Chart Detail,1022500059,228,1627668,Breanna Stewart,1611661313,New York Liberty,2,3,8,Made Shot,Driving Layup Shot,2PT Field Goal,Restricted Area,Center(C),Less Than 8 ft.,3,5,39,1,1,20250610,NYL,CHI
Shot Chart Detail,1022500059,323,1627668,Breanna Stewart,1611661313,New York Liberty,3,6,5,Made Shot,Running Layup Shot,2PT Field Goal,In The Paint (Non-RA),Center(C),Less Than 8 ft.,5,41,33,1,1,20250610,NYL,CHI
Shot Chart Detail,1022500059,328,1627668,Breanna Stewart,1611661313,New York Liberty,3,5,33,Made Shot,Reverse Layup Shot,2PT Field Goal,Restricted Area,Center(C),Less Than 8 ft.,3,28,22,1,1,20250610,NYL,CHI
Shot Chart Detail,1022500059,332,1627668,Breanna Stewart,1611661313,New York Liberty,3,5,7,Missed Shot,Jump Shot,3PT Field Goal,Above the Break 3,Right Side Center(RC),24+ ft.,24,166,174,1,0,20250610,NYL,CHI
Shot Chart Detail,1022500059,358,1627668,Breanna Stewart,1611661313,New York Liberty,3,3,56,Missed Shot,Jump Shot,3PT Field Goal,Above the Break 3,Right Side Center(RC),24+ ft.,25,127,217,1,0,20250610,NYL,CHI
Shot Chart Detail,1022500066,10,1627668,Breanna Stewart,1611661313,New York Liberty,1,9,10,Missed Shot,Jump Shot,3PT Field Goal,Above the Break 3,Left Side Center(LC),24+ ft.,26,-94,252,1,0,20250614,IND,NYL
Shot Chart Detail,1022500066,55,1627668,Breanna Stewart,1611661313,New York Liberty,1,5,28,Made Shot,Turnaround Jump Shot,2PT Field Goal,In The Paint (Non-RA),Center(C),Less Than 8 ft.,6,-50,36,1,1,20250614,IND,NYL
Shot Chart Detail,1022500066,72,1627668,Breanna Stewart,1611661313,New York Liberty,1,4,22,Missed Shot,Driving Layup Shot,2PT Field Goal,Restricted Area,Center(C),Less Than 8 ft.,3,9,32,1,0,20250614,IND,NYL
Shot Chart Detail,1022500066,79,1627668,Breanna Stewart,1611661313,New York Liberty,1,4,10,Made Shot,Pullup Jump shot,2PT Field Goal,In The Paint (Non-RA),Center(C),Less Than 8 ft.,5,6,59,1,1,20250614,IND,NYL
Shot Chart Detail,1022500066,115,1627668,Breanna Stewart,1611661313,New York Liberty,1,1,32,Missed Shot,Floating Jump shot,2PT Field Goal,In The Paint (Non-RA),Center(C),8-16 ft.,13,66,118,1,0,20250614,IND,NYL
Shot Chart Detail,1022500066,135,1627668,Breanna Stewart,1611661313,New York Liberty,1,0,21,Made Shot,Running Finger Roll Layup Shot,2PT Field Goal,Restricted Area,Center(C),Less Than 8 ft.,0,-1,-7,1,1,20250614,IND,NYL
Shot Chart Detail,1022500066,218,1627668,Breanna Stewart,1611661313,New York Liberty,2,5,51,Missed Shot,Jump Shot,3PT Field Goal,Left Corner 3,Left Side(L),24+ ft.,24,-240,-16,1,0,20250614,IND,NYL
Shot Chart Detail,1022500066,232,1627668,Breanna Stewart,1611661313,New York Liberty,2,4,43,Made Shot,Cutting Layup Shot,2PT Field Goal,Restricted Area,Center(C),Less Than 8 ft.,0,-7,2,1,1,20250614,IND,NYL
Shot Chart Detail,1022500066,253,1627668,Breanna Stewart,1611661313,New York Liberty,2,3,34,Made Shot,Driving Layup Shot,2PT Field Goal,Restricted Area,Center(C),Less Than 8 ft.,3,16,27,1,1,20250614,IND,NYL
Shot Chart Detail,1022500066,299,1627668,Breanna Stewart,1611661313,New York Liberty,2,0,10,Missed Shot,Jump Shot,2PT Field Goal,Mid-Range,Right Side(R),8-16 ft.,13,129,48,1,0,20250614,IND,NYL
Shot Chart Detail,1022500066,336,1627668,Breanna Stewart,1611661313,New York Liberty,3,7,18,Missed Shot,Running Layup Shot,2PT Field Goal,Restricted Area,Center(C),Less Than 8 ft.,1,-9,13,1,0,20250614,IND,NYL
Shot Chart Detail,1022500066,410,1627668,Breanna Stewart,1611661313,New York Liberty,3,2,59,Made Shot,Turnaround Jump Shot,2PT Field Goal,In The Paint (Non-RA),Left Side(L),8-16 ft.,8,-57,62,1,1,20250614,IND,NYL
Shot Chart Detail,1022500066,512,1627668,Breanna Stewart,1611661313,New York Liberty,4,6,21,Made Shot,Driving Layup Shot,2PT Field Goal,Restricted Area,Center(C),Less Than 8 ft.,0,5,6,1,1,20250614,IND,NYL
Shot Chart Detail,1022500066,533,1627668,Breanna Stewart,1611661313,New York Liberty,4,4,55,Missed Shot,Pullup Jump shot,2PT Field Goal,Mid-Range,Right Side(R),8-16 ft.,11,107,51,1,0,20250614,IND,NYL
Shot Chart Detail,1022500066,540,1627668,Breanna Stewart,1611661313,New York Liberty,4,4,11,Missed Shot,Pullup Jump shot,2PT Field Goal,Mid-Range,Center(C),8-16 ft.,15,-7,151,1,0,20250614,IND,NYL
Shot Chart Detail,1022500072,16,1627668,Breanna Stewart,1611661313,New York Liberty,1,8,31,Made Shot,Pullup Jump shot,2PT Field Goal,In The Paint (Non-RA),Center(C),Less Than 8 ft.,6,-41,47,1,1,20250617,NYL,ATL
Shot Chart Detail,1022500072,44,1627668,Breanna Stewart,1611661313,New York Liberty,1,5,45,Made Shot,Turnaround Jump Shot,2PT Field Goal,In The Paint (Non-RA),Right Side(R),8-16 ft.,10,76,74,1,1,20250617,NYL,ATL
Shot Chart Detail,1022500072,63,1627668,Breanna Stewart,1611661313,New York Liberty,1,4,38,Made Shot,Driving Floating Bank Jump Shot,2PT Field Goal,In The Paint (Non-RA),Right Side(R),8-16 ft.,8,65,47,1,1,20250617,NYL,ATL
Shot Chart Detail,1022500072,228,1627668,Breanna Stewart,1611661313,New York Liberty,2,4,3,Missed Shot,Pullup Jump shot,2PT Field Goal,In The Paint (Non-RA),Left Side(L),8-16 ft.,12,-68,108,1,0,20250617,NYL,ATL
Shot Chart Detail,1022500072,253,1627668,Breanna Stewart,1611661313,New York Liberty,2,2,5,Missed Shot,Pullup Jump shot,3PT Field Goal,Above the Break 3,Right Side Center(RC),24+ ft.,25,184,170,1,0,20250617,NYL,ATL
Shot Chart Detail,1022500072,279,1627668,Breanna Stewart,1611661313,New York Liberty,2,0,14,Made Shot,Running Finger Roll Layup Shot,2PT Field Goal,Restricted Area,Center(C),Less Than 8 ft.,2,-19,9,1,1,20250617,NYL,ATL
Shot Chart Detail,1022500072,322,1627668,Breanna Stewart,1611661313,New York Liberty,3,7,11,Missed Shot,Fadeaway Jump Shot,2PT Field Goal,Mid-Range,Right Side(R),8-16 ft.,12,112,63,1,0,20250617,NYL,ATL
Shot Chart Detail,1022500072,341,1627668,Breanna Stewart,1611661313,New York Liberty,3,5,36,Missed Shot,Turnaround Jump Shot,2PT Field Goal,In The Paint (Non-RA),Center(C),Less Than 8 ft.,7,4,73,1,0,20250617,NYL,ATL
Shot Chart Detail,1022500072,386,1627668,Breanna Stewart,1611661313,New York Liberty,3,2,47,Missed Shot,Tip Layup Shot,2PT Field Goal,Restricted Area,Center(C),Less Than 8 ft.,0,0,-6,1,0,20250617,NYL,ATL
Shot Chart Detail,1022500072,394,1627668,Breanna Stewart,1611661313,New York Liberty,3,1,59,Missed Shot,Jump Shot,2PT Field Goal,Mid-Range,Right Side(R),8-16 ft.,14,144,35,1,0,20250617,NYL,ATL
Shot Chart Detail,1022500072,432,1627668,Breanna Stewart,1611661313,New York Liberty,4,9,21,Made Shot,Pullup Jump shot,2PT Field Goal,In The Paint (Non-RA),Center(C),8-16 ft.,8,1,88,1,1,20250617,NYL,ATL
Shot Chart Detail,1022500072,436,1627668,Breanna Stewart,1611661313,New York Liberty,4,8,45,Missed Shot,Finger Roll Layup Shot,2PT Field Goal,In The Paint (Non-RA),Center(C),Less Than 8 ft.,5,-28,43,1,0,20250617,NYL,ATL
Shot Chart Detail,1022500072,456,1627668,Breanna Stewart,1611661313,New York Liberty,4,7,26,Missed Shot,Driving Layup Shot,2PT Field Goal,In The Paint (Non-RA),Center(C),Less Than 8 ft.,4,-1,45,1,0,20250617,NYL,ATL
Shot Chart Detail,1022500072,464,1627668,Breanna Stewart,1611661313,New York Liberty,4,7,6,Made Shot,Jump Shot,3PT Field Goal,Left Corner 3,Left Side(L),24+ ft.,23,-234,13,1,1,20250617,NYL,ATL
Shot Chart Detail,1022500072,474,1627668,Breanna Stewart,1611661313,New York Liberty,4,6,7,Missed Shot,Running Layup Shot,2PT Field Goal,In The Paint (Non-RA),Center(C),Less Than 8 ft.,4,36,28,1,0,20250617,NYL,ATL
Shot Chart Detail,1022500072,533,1627668,Breanna Stewart,1611661313,New York Liberty,4,1,56,Made Shot,Driving Layup Shot,2PT Field Goal,Restricted Area,Center(C),Less Than 8 ft.,3,-21,24,1,1,20250617,NYL,ATL
Shot Chart Detail,1022500072,536,1627668,Breanna Stewart,1611661313,New York Liberty,4,1,37,Missed Shot,Running Jump Shot,3PT Field Goal,Above the Break 3,Left Side Center(LC),24+ ft.,26,-221,141,1,0,20250617,NYL,ATL
Shot Chart Detail,1022500072,539,1627668,Breanna Stewart,1611661313,New York Liberty,4,1,20,Made Shot,Driving Finger Roll Layup Shot,2PT Field Goal,In The Paint (Non-RA),Center(C),Less Than 8 ft.,4,-12,46,1,1,20250617,NYL,ATL
Shot Chart Detail,1022500078,76,1627668,Breanna Stewart,1611661313,New York Liberty,1,4,36,Missed Shot,Jump Shot,2PT Field Goal,Mid-Range,Left Side Center(LC),16-24 ft.,19,-98,169,1,0,20250619,NYL,PHX
Shot Chart Detail,1022500078,108,1627668,Breanna Stewart,1611661313,New York Liberty,1,2,38,Missed Shot,Running Layup Shot,2PT Field Goal,In The Paint (Non-RA),Center(C),Less Than 8 ft.,4,39,22,1,0,20250619,NYL,PHX
Shot Chart Detail,1022500078,163,1627668,Breanna Stewart,1611661313,New York Liberty,2,9,17,Made Shot,Running Layup Shot,2PT Field Goal,Restricted Area,Center(C),Less Than 8 ft.,2,7,22,1,1,20250619,NYL,PHX
Shot Chart Detail,1022500078,237,1627668,Breanna Stewart,1611661313,New York Liberty,2,4,54,Missed Shot,Jump Shot,3PT Field Goal,Above the Break 3,Center(C),24+ ft.,25,-29,255,1,0,20250619,NYL,PHX
Shot Chart Detail,1022500078,272,1627668,Breanna Stewart,1611661313,New York Liberty,2,2,57,Made Shot,Cutting Layup Shot,2PT Field Goal,In The Paint (Non-RA),Center(C),Less Than 8 ft.,6,55,27,1,1,20250619,NYL,PHX
Shot Chart Detail,1022500078,284,1627668,Breanna Stewart,1611661313,New York Liberty,2,2,38,Made Shot,Jump Shot,3PT Field Goal,Above the Break 3,Right Side(R),16-24 ft.,23,216,97,1,1,20250619,NYL,PHX
Shot Chart Detail,1022500078,351,1627668,Breanna Stewart,1611661313,New York Liberty,3,8,30,Made Shot,Driving Layup Shot,2PT Field Goal,Restricted Area,Center(C),Less Than 8 ft.,2,-24,0,1,1,20250619,NYL,PHX
Shot Chart Detail,1022500078,362,1627668,Breanna Stewart,1611661313,New York Liberty,3,8,0,Made Shot,Driving Layup Shot,2PT Field Goal,Restricted Area,Center(C),Less Than 8 ft.,3,-35,0,1,1,20250619,NYL,PHX
Shot Chart Detail,1022500078,372,1627668,Breanna Stewart,1611661313,New York Liberty,3,6,57,Made Shot,Jump Shot,3PT Field Goal,Above the Break 3,Center(C),24+ ft.,24,62,242,1,1,20250619,NYL,PHX
Shot Chart Detail,1022500078,375,1627668,Breanna Stewart,1611661313,New York Liberty,3,6,25,Made Shot,Jump Shot,3PT Field Goal,Above the Break 3,Right Side Center(RC),24+ ft.,25,198,167,1,1,20250619,NYL,PHX
Shot Chart Detail,1022500078,407,1627668,Breanna Stewart,1611661313,New York Liberty,3,5,21,Made Shot,Running Layup Shot,2PT Field Goal,Restricted Area,Center(C),Less Than 8 ft.,1,-18,1,1,1,20250619,NYL,PHX
Shot Chart Detail,1022500078,415,1627668,Breanna Stewart,1611661313,New York Liberty,3,5,2,Made Shot,Running Layup Shot,2PT Field Goal,Restricted Area,Center(C),Less Than 8 ft.,1,17,5,1,1,20250619,NYL,PHX
Shot Chart Detail,1022500078,444,1627668,Breanna Stewart,1611661313,New York Liberty,3,3,23,Missed Shot,Turnaround Jump Shot,2PT Field Goal,In The Paint (Non-RA),Left Side(L),8-16 ft.,10,-69,81,1,0,20250619,NYL,PHX
Shot Chart Detail,1022500078,478,1627668,Breanna Stewart,1611661313,New York Liberty,3,0,6,Made Shot,Pullup Jump shot,2PT Field Goal,Mid-Range,Center(C),16-24 ft.,18,16,182,1,1,20250619,NYL,PHX
Shot Chart Detail,1022500078,498,1627668,Breanna Stewart,1611661313,New York Liberty,4,8,39,Missed Shot,Driving Layup Shot,2PT Field Goal,In The Paint (Non-RA),Center(C),Less Than 8 ft.,4,-26,37,1,0,20250619,NYL,PHX
Shot Chart Detail,1022500078,594,1627668,Breanna Stewart,1611661313,New York Liberty,4,1,37,Made Shot,Cutting Finger Roll Layup Shot,2PT Field Goal,Restricted Area,Center(C),Less Than 8 ft.,1,7,13,1,1,20250619,NYL,PHX
Shot Chart Detail,1022500078,619,1627668,Breanna Stewart,1611661313,New York Liberty,4,0,21,Missed Shot,Driving Floating Bank Jump Shot,2PT Field Goal,In The Paint (Non-RA),Center(C),Less Than 8 ft.,7,37,70,1,0,20250619,NYL,PHX
Shot Chart Detail,1022500088,14,1627668,Breanna Stewart,1611661313,New York Liberty,1,9,16,Missed Shot,Running Jump Shot,3PT Field Goal,Above the Break 3,Center(C),24+ ft.,26,-18,269,1,0,20250622,SEA,NYL
Shot Chart Detail,1022500088,27,1627668,Breanna Stewart,1611661313,New York Liberty,1,8,2,Missed Shot,Running Reverse Layup Shot,2PT Field Goal,Restricted Area,Center(C),Less Than 8 ft.,3,33,15,1,0,20250622,SEA,NYL
Shot Chart Detail,1022500088,126,1627668,Breanna Stewart,1611661313,New York Liberty,1,1,43,Made Shot,Driving Layup Shot,2PT Field Goal,Restricted Area,Center(C),Less Than 8 ft.,3,35,18,1,1,20250622,SEA,NYL
Shot Chart Detail,1022500088,216,1627668,Breanna Stewart,1611661313,New York Liberty,2,6,21,Made Shot,Turnaround Jump Shot,2PT Field Goal,In The Paint (Non-RA),Center(C),8-16 ft.,9,6,94,1,1,20250622,SEA,NYL
Shot Chart Detail,1022500088,230,1627668,Breanna Stewart,1611661313,New York Liberty,2,5,23,Missed Shot,Running Pull-Up Jump Shot,2PT Field Goal,In The Paint (Non-RA),Center(C),8-16 ft.,10,5,104,1,0,20250622,SEA,NYL
Shot Chart Detail,1022500088,232,1627668,Breanna Stewart,1611661313,New York Liberty,2,5,20,Missed Shot,Putback Layup Shot,2PT Field Goal,Restricted Area,Center(C),Less Than 8 ft.,2,-16,25,1,0,20250622,SEA,NYL
Shot Chart Detail,1022500088,251,1627668,Breanna Stewart,1611661313,New York Liberty,2,3,57,Made Shot,Layup Shot,2PT Field Goal,Restricted Area,Center(C),Less Than 8 ft.,3,30,15,1,1,20250622,SEA,NYL
Shot Chart Detail,1022500088,291,1627668,Breanna Stewart,1611661313,New York Liberty,2,0,5,Made Shot,Driving Layup Shot,2PT Field Goal,Restricted Area,Center(C),Less Than 8 ft.,2,-16,25,1,1,20250622,SEA,NYL
Shot Chart Detail,1022500088,306,1627668,Breanna Stewart,1611661313,New York Liberty,3,9,24,Made Shot,Pullup Jump shot,2PT Field Goal,Mid-Range,Center(C),16-24 ft.,17,-1,172,1,1,20250622,SEA,NYL
Shot Chart Detail,1022500088,389,1627668,Breanna Stewart,1611661313,New York Liberty,3,1,44,Missed Shot,Jump Shot,2PT Field Goal,Mid-Range,Right Side(R),8-16 ft.,10,98,-49,1,0,20250622,SEA,NYL
Shot Chart Detail,1022500088,417,1627668,Breanna Stewart,1611661313,New York Liberty,3,0,9,Missed Shot,Driving Layup Shot,2PT Field Goal,Restricted Area,Center(C),Less Than 8 ft.,1,18,1,1,0,20250622,SEA,NYL
Shot Chart Detail,1022500088,440,1627668,Breanna Stewart,1611661313,New York Liberty,4,8,58,Missed Shot,Jump Shot,3PT Field Goal,Above the Break 3,Left Side Center(LC),16-24 ft.,23,-191,140,1,0,20250622,SEA,NYL
Shot Chart Detail,1022500088,469,1627668,Breanna Stewart,1611661313,New York Liberty,4,7,22,Made Shot,Driving Layup Shot,2PT Field Goal,Restricted Area,Center(C),Less Than 8 ft.,2,22,5,1,1,20250622,SEA,NYL
Shot Chart Detail,1022500088,475,1627668,Breanna Stewart,1611661313,New York Liberty,4,6,46,Missed Shot,Jump Shot,2PT Field Goal,Mid-Range,Right Side Center(RC),16-24 ft.,17,104,144,1,0,20250622,SEA,NYL
Shot Chart Detail,1022500094,9,1627668,Breanna Stewart,1611661313,New York Liberty,1,9,43,Missed Shot,Jump Shot,3PT Field Goal,Above the Break 3,Center(C),24+ ft.,24,28,242,1,0,20250625,GSV,NYL
Shot Chart Detail,1022500094,14,1627668,Breanna Stewart,1611661313,New York Liberty,1,9,5,Missed Shot,Driving Layup Shot,2PT Field Goal,In The Paint (Non-RA),Center(C),Less Than 8 ft.,4,-34,36,1,0,20250625,GSV,NYL
Shot Chart Detail,1022500094,19,1627668,Breanna Stewart,1611661313,New York Liberty,1,8,58,Made Shot,Driving Layup Shot,2PT Field Goal,Restricted Area,Center(C),Less Than 8 ft.,2,7,26,1,1,20250625,GSV,NYL
Shot Chart Detail,1022500094,53,1627668,Breanna Stewart,1611661313,New York Liberty,1,6,25,Made Shot,Driving Floating Jump Shot,2PT Field Goal,In The Paint (Non-RA),Center(C),Less Than 8 ft.,4,6,45,1,1,20250625,GSV,NYL
Shot Chart Detail,1022500094,61,1627668,Breanna Stewart,1611661313,New York Liberty,1,5,25,Made Shot,Driving Layup Shot,2PT Field Goal,Restricted Area,Center(C),Less Than 8 ft.,3,17,29,1,1,20250625,GSV,NYL
Shot Chart Detail,1022500094,70,1627668,Breanna Stewart,1611661313,New York Liberty,1,4,57,Made Shot,Cutting Layup Shot,2PT Field Goal,In The Paint (Non-RA),Center(C),Less Than 8 ft.,4,-39,18,1,1,20250625,GSV,NYL
Shot Chart Detail,1022500094,76,1627668,Breanna Stewart,1611661313,New York Liberty,1,4,16,Made Shot,Jump Shot,3PT Field Goal,Above the Break 3,Left Side Center(LC),24+ ft.,24,-171,176,1,1,20250625,GSV,NYL
Shot Chart Detail,1022500094,109,1627668,Breanna Stewart,1611661313,New York Liberty,1,1,40,Missed Shot,Step Back Jump shot,2PT Field Goal,Mid-Range,Left Side(L),16-24 ft.,20,-175,111,1,0,20250625,GSV,NYL
Shot Chart Detail,1022500094,120,1627668,Breanna Stewart,1611661313,New York Liberty,1,0,41,Missed Shot,Cutting Layup Shot,2PT Field Goal,Restricted Area,Center(C),Less Than 8 ft.,2,17,23,1,0,20250625,GSV,NYL
Shot Chart Detail,1022500094,146,1627668,Breanna Stewart,1611661313,New York Liberty,2,8,40,Missed Shot,Running Layup Shot,2PT Field Goal,In The Paint (Non-RA),Center(C),Less Than 8 ft.,4,22,38,1,0,20250625,GSV,NYL
Shot Chart Detail,1022500094,170,1627668,Breanna Stewart,1611661313,New York Liberty,2,7,30,Made Shot,Step Back Jump shot,3PT Field Goal,Above the Break 3,Right Side(R),24+ ft.,23,228,63,1,1,20250625,GSV,NYL
Shot Chart Detail,1022500094,180,1627668,Breanna Stewart,1611661313,New York Liberty,2,6,21,Missed Shot,Pullup Jump shot,2PT Field Goal,Mid-Range,Left Side(L),8-16 ft.,12,-128,1,1,0,20250625,GSV,NYL
Shot Chart Detail,1022500094,184,1627668,Breanna Stewart,1611661313,New York Liberty,2,6,0,Made Shot,Turnaround Hook Shot,2PT Field Goal,Restricted Area,Center(C),Less Than 8 ft.,3,-5,36,1,1,20250625,GSV,NYL
Shot Chart Detail,1022500094,198,1627668,Breanna Stewart,1611661313,New York Liberty,2,4,34,Made Shot,Driving Floating Bank Jump Shot,2PT Field Goal,In The Paint (Non-RA),Center(C),Less Than 8 ft.,6,-55,36,1,1,20250625,GSV,NYL
Shot Chart Detail,1022500094,294,1627668,Breanna Stewart,1611661313,New York Liberty,3,9,24,Missed Shot,Jump Shot,3PT Field Goal,Above the Break 3,Right Side Center(RC),24+ ft.,23,166,173,1,0,20250625,GSV,NYL
Shot Chart Detail,1022500094,425,1627668,Breanna Stewart,1611661313,New York Liberty,4,9,49,Missed Shot,Driving Layup Shot,2PT Field Goal,In The Paint (Non-RA),Center(C),Less Than 8 ft.,5,-23,55,1,0,20250625,GSV,NYL
Shot Chart Detail,1022500094,443,1627668,Breanna Stewart,1611661313,New York Liberty,4,7,42,Missed Shot,Driving Floating Jump Shot,2PT Field Goal,In The Paint (Non-RA),Right Side(R),8-16 ft.,10,52,86,1,0,20250625,GSV,NYL
Shot Chart Detail,1022500094,487,1627668,Breanna Stewart,1611661313,New York Liberty,4,3,15,Made Shot,Turnaround Jump Shot,2PT Field Goal,In The Paint (Non-RA),Center(C),8-16 ft.,10,-45,94,1,1,20250625,GSV,NYL
Shot Chart Detail,1022500094,514,1627668,Breanna Stewart,1611661313,New York Liberty,4,0,45,Missed Shot,Turnaround Jump Shot,2PT Field Goal,Mid-Range,Left Side(L),16-24 ft.,16,-134,92,1,0,20250625,GSV,NYL
Shot Chart Detail,1022500101,10,1627668,Breanna Stewart,1611661313,New York Liberty,1,9,8,Missed Shot,Pullup Jump shot,2PT Field Goal,In The Paint (Non-RA),Center(C),Less Than 8 ft.,6,28,55,1,0,20250627,PHX,NYL
Shot Chart Detail,1022500101,18,1627668,Breanna Stewart,1611661313,New York Liberty,1,8,14,Missed Shot,Pullup Jump shot,2PT Field Goal,Mid-Range,Left Side Center(LC),16-24 ft.,16,-77,146,1,0,20250627,PHX,NYL
Shot Chart Detail,1022500101,57,1627668,Breanna Stewart,1611661313,New York Liberty,1,5,18,Missed Shot,Driving Layup Shot,2PT Field Goal,In The Paint (Non-RA),Center(C),Less Than 8 ft.,5,-45,31,1,0,20250627,PHX,NYL
Shot Chart Detail,1022500101,91,1627668,Breanna Stewart,1611661313,New York Liberty,1,1,53,Made Shot,Running Layup Shot,2PT Field Goal,In The Paint (Non-RA),Center(C),Less Than 8 ft.,5,42,37,1,1,20250627,PHX,NYL
Shot Chart Detail,1022500101,170,1627668,Breanna Stewart,1611661313,New York Liberty,2,7,10,Made Shot,Hook Shot,2PT Field Goal,In The Paint (Non-RA),Center(C),Less Than 8 ft.,6,-4,64,1,1,20250627,PHX,NYL
Shot Chart Detail,1022500101,183,1627668,Breanna Stewart,1611661313,New York Liberty,2,6,5,Missed Shot,Jump Shot,3PT Field Goal,Above the Break 3,Left Side(L),24+ ft.,23,-228,72,1,0,20250627,PHX,NYL
Shot Chart Detail,1022500101,287,1627668,Breanna Stewart,1611661313,New York Liberty,3,9,36,Missed Shot,Jump Shot,3PT Field Goal,Above the Break 3,Right Side(R),24+ ft.,24,227,79,1,0,20250627,PHX,NYL
Shot Chart Detail,1022500101,311,1627668,Breanna Stewart,1611661313,New York Liberty,3,7,44,Made Shot,Turnaround Fadeaway shot,2PT Field Goal,In The Paint (Non-RA),Right Side(R),8-16 ft.,10,51,88,1,1,20250627,PHX,NYL
Shot Chart Detail,1022500101,335,1627668,Breanna Stewart,1611661313,New York Liberty,3,6,8,Made Shot,Driving Layup Shot,2PT Field Goal,In The Paint (Non-RA),Center(C),Less Than 8 ft.,6,-32,58,1,1,20250627,PHX,NYL
Shot Chart Detail,1022500101,342,1627668,Breanna Stewart,1611661313,New York Liberty,3,5,27,Made Shot,Turnaround Jump Shot,2PT Field Goal,Mid-Range,Right Side(R),8-16 ft.,8,86,18,1,1,20250627,PHX,NYL
Shot Chart Detail,1022500101,354,1627668,Breanna Stewart,1611661313,New York Liberty,3,4,34,Made Shot,Running Layup Shot,2PT Field Goal,Restricted Area,Center(C),Less Than 8 ft.,3,-15,28,1,1,20250627,PHX,NYL
Shot Chart Detail,1022500101,499,1627668,Breanna Stewart,1611661313,New York Liberty,4,4,33,Missed Shot,Jump Shot,3PT Field Goal,Above the Break 3,Center(C),24+ ft.,26,-50,261,1,0,20250627,PHX,NYL
Shot Chart Detail,1022500101,505,1627668,Breanna Stewart,1611661313,New York Liberty,4,3,58,Made Shot,Cutting Layup Shot,2PT Field Goal,In The Paint (Non-RA),Center(C),Less Than 8 ft.,5,52,28,1,1,20250627,PHX,NYL
Shot Chart Detail,1022500104,24,1627668,Breanna Stewart,1611661313,New York Liberty,1,8,26,Missed Shot,Step Back Jump shot,2PT Field Goal,Mid-Range,Right Side(R),8-16 ft.,11,110,47,1,0,20250629,ATL,NYL
Shot Chart Detail,1022500104,38,1627668,Breanna Stewart,1611661313,New York Liberty,1,7,22,Made Shot,Pullup Jump shot,2PT Field Goal,Mid-Range,Left Side Center(LC),16-24 ft.,21,-142,158,1,1,20250629,ATL,NYL
Shot Chart Detail,1022500104,68,1627668,Breanna Stewart,1611661313,New York Liberty,1,4,38,Made Shot,Turnaround Fadeaway shot,2PT Field Goal,In The Paint (Non-RA),Center(C),8-16 ft.,10,-9,109,1,1,20250629,ATL,NYL
Shot Chart Detail,1022500104,95,1627668,Breanna Stewart,1611661313,New York Liberty,1,2,42,Missed Shot,Fadeaway Jump Shot,2PT Field Goal,In The Paint (Non-RA),Right Side(R),8-16 ft.,8,71,39,1,0,20250629,ATL,NYL
Shot Chart Detail,1022500104,99,1627668,Breanna Stewart,1611661313,New York Liberty,1,2,23,Made Shot,Running Pull-Up Jump Shot,3PT Field Goal,Above the Break 3,Center(C),24+ ft.,24,0,242,1,1,20250629,ATL,NYL
Shot Chart Detail,1022500104,120,1627668,Breanna Stewart,1611661313,New York Liberty,1,1,3,Missed Shot,Driving Layup Shot,2PT Field Goal,Restricted Area,Center(C),Less Than 8 ft.,0,5,8,1,0,20250629,ATL,NYL
Shot Chart Detail,1022500104,135,1627668,Breanna Stewart,1611661313,New York Liberty,1,0,13,Missed Shot,Jump Shot,3PT Field Goal,Above the Break 3,Right Side(R),24+ ft.,23,233,40,1,0,20250629,ATL,NYL
Shot Chart Detail,1022500104,223,1627668,Breanna Stewart,1611661313,New York Liberty,2,5,51,Missed Shot,Jump Shot,3PT Field Goal,Above the Break 3,Left Side Center(LC),16-24 ft.,23,-139,190,1,0,20250629,ATL,NYL
Shot Chart Detail,1022500104,271,1627668,Breanna Stewart,1611661313,New York Liberty,2,2,22,Missed Shot,Tip Layup Shot,2PT Field Goal,Restricted Area,Center(C),Less Than 8 ft.,0,0,-6,1,0,20250629,ATL,NYL
Shot Chart Detail,1022500104,280,1627668,Breanna Stewart,1611661313,New York Liberty,2,1,49,Made Shot,Driving Layup Shot,2PT Field Goal,Restricted Area,Center(C),Less Than 8 ft.,1,6,13,1,1,20250629,ATL,NYL
Shot Chart Detail,1022500104,368,1627668,Breanna Stewart,1611661313,New York Liberty,3,5,27,Missed Shot,Jump Shot,3PT Field Goal,Left Corner 3,Left Side(L),24+ ft.,22,-228,5,1,0,20250629,ATL,NYL
Shot Chart Detail,1022500104,410,1627668,Breanna Stewart,1611661313,New York Liberty,3,2,11,Made Shot,Driving Floating Jump Shot,2PT Field Goal,In The Paint (Non-RA),Center(C),Less Than 8 ft.,5,-22,55,1,1,20250629,ATL,NYL
Shot Chart Detail,1022500104,431,1627668,Breanna Stewart,1611661313,New York Liberty,3,0,48,Made Shot,Driving Floating Bank Jump Shot,2PT Field Goal,In The Paint (Non-RA),Center(C),Less Than 8 ft.,5,-41,33,1,1,20250629,ATL,NYL
Shot Chart Detail,1022500104,451,1627668,Breanna Stewart,1611661313,New York Liberty,4,9,34,Missed Shot,Jump Shot,3PT Field Goal,Above the Break 3,Center(C),24+ ft.,25,72,241,1,0,20250629,ATL,NYL
Shot Chart Detail,1022500104,462,1627668,Breanna Stewart,1611661313,New York Liberty,4,8,27,Missed Shot,Pullup Jump shot,2PT Field Goal,In The Paint (Non-RA),Center(C),8-16 ft.,11,-11,119,1,0,20250629,ATL,NYL
Shot Chart Detail,1022500104,497,1627668,Breanna Stewart,1611661313,New York Liberty,4,6,19,Missed Shot,Pullup Jump shot,2PT Field Goal,Mid-Range,Left Side(L),8-16 ft.,15,-100,117,1,0,20250629,ATL,NYL
Shot Chart Detail,1022500104,524,1627668,Breanna Stewart,1611661313,New York Liberty,4,4,29,Missed Shot,Jump Shot,3PT Field Goal,Above the Break 3,Left Side Center(LC),24+ ft.,23,-164,172,1,0,20250629,ATL,NYL
Shot Chart Detail,1022500104,526,1627668,Breanna Stewart,1611661313,New York Liberty,4,4,25,Made Shot,Driving Layup Shot,2PT Field Goal,Restricted Area,Center(C),Less Than 8 ft.,0,-2,9,1,1,20250629,ATL,NYL
Shot Chart Detail,1022500110,24,1627668,Breanna Stewart,1611661313,New York Liberty,1,8,27,Missed Shot,Cutting Layup Shot,2PT Field Goal,Restricted Area,Center(C),Less Than 8 ft.,2,28,1,1,0,20250703,NYL,LAS
Shot Chart Detail,1022500110,43,1627668,Breanna Stewart,1611661313,New York Liberty,1,6,51,Made Shot,Running Layup Shot,2PT Field Goal,Restricted Area,Center(C),Less Than 8 ft.,2,-23,2,1,1,20250703,NYL,LAS
Shot Chart Detail,1022500110,51,1627668,Breanna Stewart,1611661313,New York Liberty,1,6,15,Made Shot,Turnaround Hook Shot,2PT Field Goal,Restricted Area,Center(C),Less Than 8 ft.,2,4,22,1,1,20250703,NYL,LAS
Shot Chart Detail,1022500110,78,1627668,Breanna Stewart,1611661313,New York Liberty,1,4,14,Missed Shot,Running Layup Shot,2PT Field Goal,Mid-Range,Right Side(R),8-16 ft.,9,90,5,1,0,20250703,NYL,LAS
Shot Chart Detail,1022500110,84,1627668,Breanna Stewart,1611661313,New York Liberty,1,3,54,Missed Shot,Layup Shot,2PT Field Goal,Restricted Area,Center(C),Less Than 8 ft.,3,31,23,1,0,20250703,NYL,LAS
Shot Chart Detail,1022500110,89,1627668,Breanna Stewart,1611661313,New York Liberty,1,3,17,Made Shot,Turnaround Hook Shot,2PT Field Goal,Restricted Area,Center(C),Less Than 8 ft.,2,-27,10,1,1,20250703,NYL,LAS
Shot Chart Detail,1022500110,95,1627668,Breanna Stewart,1611661313,New York Liberty,1,2,29,Made Shot,Running Layup Shot,2PT Field Goal,Restricted Area,Center(C),Less Than 8 ft.,2,26,1,1,1,20250703,NYL,LAS
Shot Chart Detail,1022500110,109,1627668,Breanna Stewart,1611661313,New York Liberty,1,1,44,Missed Shot,Step Back Jump shot,3PT Field Goal,Above the Break 3,Right Side(R),24+ ft.,23,233,48,1,0,20250703,NYL,LAS
Shot Chart Detail,1022500110,195,1627668,Breanna Stewart,1611661313,New York Liberty,2,6,4,Missed Shot,Turnaround Jump Shot,2PT Field Goal,In The Paint (Non-RA),Center(C),Less Than 8 ft.,7,-43,56,1,0,20250703,NYL,LAS
Shot Chart Detail,1022500110,200,1627668,Breanna Stewart,1611661313,New York Liberty,2,5,53,Made Shot,Running Layup Shot,2PT Field Goal,Restricted Area,Center(C),Less Than 8 ft.,1,4,17,1,1,20250703,NYL,LAS
Shot Chart Detail,1022500110,237,1627668,Breanna Stewart,1611661313,New York Liberty,2,3,17,Missed Shot,Driving Floating Jump Shot,2PT Field Goal,In The Paint (Non-RA),Center(C),Less Than 8 ft.,6,-24,64,1,0,20250703,NYL,LAS
Shot Chart Detail,1022500110,269,1627668,Breanna Stewart,1611661313,New York Liberty,2,1,20,Missed Shot,Running Pull-Up Jump Shot,2PT Field Goal,In The Paint (Non-RA),Center(C),8-16 ft.,12,60,106,1,0,20250703,NYL,LAS
Shot Chart Detail,1022500110,336,1627668,Breanna Stewart,1611661313,New York Liberty,3,6,18,Missed Shot,Floating Jump shot,2PT Field Goal,Restricted Area,Center(C),Less Than 8 ft.,3,-17,34,1,0,20250703,NYL,LAS
Shot Chart Detail,1022500110,345,1627668,Breanna Stewart,1611661313,New York Liberty,3,5,10,Made Shot,Running Layup Shot,2PT Field Goal,Restricted Area,Center(C),Less Than 8 ft.,3,7,31,1,1,20250703,NYL,LAS
Shot Chart Detail,1022500110,434,1627668,Breanna Stewart,1611661313,New York Liberty,4,8,43,Missed Shot,Jump Shot,3PT Field Goal,Above the Break 3,Left Side Center(LC),24+ ft.,25,-182,179,1,0,20250703,NYL,LAS
Shot Chart Detail,1022500110,443,1627668,Breanna Stewart,1611661313,New York Liberty,4,8,4,Made Shot,Tip Layup Shot,2PT Field Goal,Restricted Area,Center(C),Less Than 8 ft.,0,0,-6,1,1,20250703,NYL,LAS
Shot Chart Detail,1022500110,456,1627668,Breanna Stewart,1611661313,New York Liberty,4,7,15,Missed Shot,Driving Layup Shot,2PT Field Goal,In The Paint (Non-RA),Center(C),Less Than 8 ft.,4,-23,33,1,0,20250703,NYL,LAS
Shot Chart Detail,1022500110,516,1627668,Breanna Stewart,1611661313,New York Liberty,4,3,22,Missed Shot,Cutting Layup Shot,2PT Field Goal,In The Paint (Non-RA),Center(C),Less Than 8 ft.,5,-40,41,1,0,20250703,NYL,LAS
Shot Chart Detail,1022500117,13,1627668,Breanna Stewart,1611661313,New York Liberty,1,8,59,Missed Shot,Fadeaway Jump Shot,2PT Field Goal,Mid-Range,Left Side(L),8-16 ft.,11,-113,25,1,0,20250706,NYL,SEA
Shot Chart Detail,1022500117,25,1627668,Breanna Stewart,1611661313,New York Liberty,1,7,11,Made Shot,Putback Layup Shot,2PT Field Goal,Restricted Area,Center(C),Less Than 8 ft.,2,13,17,1,1,20250706,NYL,SEA
Shot Chart Detail,1022500117,36,1627668,Breanna Stewart,1611661313,New York Liberty,1,6,14,Missed Shot,Driving Layup Shot,2PT Field Goal,In The Paint (Non-RA),Center(C),Less Than 8 ft.,6,-66,18,1,0,20250706,NYL,SEA
Shot Chart Detail,1022500117,78,1627668,Breanna Stewart,1611661313,New York Liberty,1,3,8,Missed Shot,Jump Shot,3PT Field Goal,Above the Break 3,Right Side Center(RC),24+ ft.,25,176,187,1,0,20250706,NYL,SEA
Shot Chart Detail,1022500117,94,1627668,Breanna Stewart,1611661313,New York Liberty,1,2,0,Made Shot,Cutting Layup Shot,2PT Field Goal,Restricted Area,Center(C),Less Than 8 ft.,2,17,11,1,1,20250706,NYL,SEA
Shot Chart Detail,1022500117,117,1627668,Breanna Stewart,1611661313,New York Liberty,1,0,0,Missed Shot,Pullup Jump shot,3PT Field Goal,Above the Break 3,Right Side Center(RC),24+ ft.,28,118,257,1,0,20250706,NYL,SEA
Shot Chart Detail,1022500117,140,1627668,Breanna Stewart,1611661313,New York Liberty,2,8,44,Missed Shot,Running Layup Shot,2PT Field Goal,Restricted Area,Center(C),Less Than 8 ft.,2,1,26,1,0,20250706,NYL,SEA
Shot Chart Detail,1022500117,177,1627668,Breanna Stewart,1611661313,New York Liberty,2,6,7,Made Shot,Cutting Layup Shot,2PT Field Goal,Restricted Area,Center(C),Less Than 8 ft.,3,20,23,1,1,20250706,NYL,SEA
Shot Chart Detail,1022500117,207,1627668,Breanna Stewart,1611661313,New York Liberty,2,3,38,Missed Shot,Turnaround Jump Shot,2PT Field Goal,In The Paint (Non-RA),Center(C),8-16 ft.,8,-26,83,1,0,20250706,NYL,SEA
Shot Chart Detail,1022500117,263,1627668,Breanna Stewart,1611661313,New York Liberty,3,9,8,Missed Shot,Cutting Layup Shot,2PT Field Goal,Restricted Area,Center(C),Less Than 8 ft.,3,26,22,1,0,20250706,NYL,SEA
Shot Chart Detail,1022500117,278,1627668,Breanna Stewart,1611661313,New York Liberty,3,7,47,Missed Shot,Pullup Jump shot,2PT Field Goal,In The Paint (Non-RA),Center(C),Less Than 8 ft.,5,-29,46,1,0,20250706,NYL,SEA
Shot Chart Detail,1022500117,295,1627668,Breanna Stewart,1611661313,New York Liberty,3,6,40,Missed Shot,Tip Layup Shot,2PT Field Goal,Restricted Area,Center(C),Less Than 8 ft.,0,0,-6,1,0,20250706,NYL,SEA
Shot Chart Detail,1022500117,307,1627668,Breanna Stewart,1611661313,New York Liberty,3,5,1,Missed Shot,Driving Floating Jump Shot,2PT Field Goal,In The Paint (Non-RA),Center(C),Less Than 8 ft.,7,-13,71,1,0,20250706,NYL,SEA
Shot Chart Detail,1022500117,372,1627668,Breanna Stewart,1611661313,New York Liberty,3,1,35,Missed Shot,Jump Shot,3PT Field Goal,Above the Break 3,Left Side Center(LC),24+ ft.,26,-207,170,1,0,20250706,NYL,SEA
Shot Chart Detail,1022500117,423,1627668,Breanna Stewart,1611661313,New York Liberty,4,8,23,Missed Shot,Cutting Finger Roll Layup Shot,2PT Field Goal,In The Paint (Non-RA),Center(C),Less Than 8 ft.,4,28,31,1,0,20250706,NYL,SEA
Shot Chart Detail,1022500117,471,1627668,Breanna Stewart,1611661313,New York Liberty,4,4,56,Made Shot,Driving Hook Shot,2PT Field Goal,In The Paint (Non-RA),Center(C),Less Than 8 ft.,4,-7,47,1,1,20250706,NYL,SEA
Shot Chart Detail,1022500117,493,1627668,Breanna Stewart,1611661313,New York Liberty,4,2,54,Missed Shot,Jump Shot,2PT Field Goal,In The Paint (Non-RA),Left Side(L),8-16 ft.,8,-48,73,1,0,20250706,NYL,SEA
Shot Chart Detail,1022500122,17,1627668,Breanna Stewart,1611661313,New York Liberty,1,7,55,Made Shot,Cutting Layup Shot,2PT Field Goal,Restricted Area,Center(C),Less Than 8 ft.,1,16,5,1,1,20250708,NYL,LVA
Shot Chart Detail,1022500122,61,1627668,Breanna Stewart,1611661313,New York Liberty,1,4,7,Made Shot,Running Jump Shot,3PT Field Goal,Above the Break 3,Left Side(L),24+ ft.,23,-225,76,1,1,20250708,NYL,LVA
Shot Chart Detail,1022500122,94,1627668,Breanna Stewart,1611661313,New York Liberty,1,1,13,Missed Shot,Driving Finger Roll Layup Shot,2PT Field Goal,In The Paint (Non-RA),Center(C),Less Than 8 ft.,5,-49,15,1,0,20250708,NYL,LVA
Shot Chart Detail,1022500122,208,1627668,Breanna Stewart,1611661313,New York Liberty,2,3,30,Missed Shot,Running Jump Shot,2PT Field Goal,Mid-Range,Left Side Center(LC),16-24 ft.,17,-134,106,1,0,20250708,NYL,LVA
Shot Chart Detail,1022500122,214,1627668,Breanna Stewart,1611661313,New York Liberty,2,2,38,Missed Shot,Driving Layup Shot,2PT Field Goal,In The Paint (Non-RA),Center(C),Less Than 8 ft.,4,-38,28,1,0,20250708,NYL,LVA
Shot Chart Detail,1022500122,256,1627668,Breanna Stewart,1611661313,New York Liberty,2,0,14,Missed Shot,Driving Layup Shot,2PT Field Goal,In The Paint (Non-RA),Center(C),Less Than 8 ft.,4,-41,10,1,0,20250708,NYL,LVA
Shot Chart Detail,1022500122,289,1627668,Breanna Stewart,1611661313,New York Liberty,3,7,56,Missed Shot,Turnaround Fadeaway shot,2PT Field Goal,In The Paint (Non-RA),Center(C),Less Than 8 ft.,7,18,71,1,0,20250708,NYL,LVA
Shot Chart Detail,1022500122,302,1627668,Breanna Stewart,1611661313,New York Liberty,3,6,46,Missed Shot,Driving Hook Shot,2PT Field Goal,In The Paint (Non-RA),Center(C),Less Than 8 ft.,5,16,57,1,0,20250708,NYL,LVA
Shot Chart Detail,1022500122,338,1627668,Breanna Stewart,1611661313,New York Liberty,3,4,18,Made Shot,Putback Layup Shot,2PT Field Goal,Restricted Area,Center(C),Less Than 8 ft.,3,-20,31,1,1,20250708,NYL,LVA
Shot Chart Detail,1022500122,378,1627668,Breanna Stewart,1611661313,New York Liberty,3,0,53,Missed Shot,Jump Shot,3PT Field Goal,Above the Break 3,Right Side Center(RC),24+ ft.,24,206,130,1,0,20250708,NYL,LVA
Shot Chart Detail,1022500122,417,1627668,Breanna Stewart,1611661313,New York Liberty,4,8,50,Missed Shot,Fadeaway Jump Shot,2PT Field Goal,Mid-Range,Right Side(R),8-16 ft.,12,124,13,1,0,20250708,NYL,LVA
Shot Chart Detail,1022500122,455,1627668,Breanna Stewart,1611661313,New York Liberty,4,5,53,Missed Shot,Driving Layup Shot,2PT Field Goal,In The Paint (Non-RA),Center(C),Less Than 8 ft.,4,26,35,1,0,20250708,NYL,LVA
Shot Chart Detail,1022500122,480,1627668,Breanna Stewart,1611661313,New York Liberty,4,4,0,Made Shot,Turnaround Bank Hook Shot,2PT Field Goal,In The Paint (Non-RA),Center(C),Less Than 8 ft.,4,32,24,1,1,20250708,NYL,LVA
Shot Chart Detail,1022500122,524,1627668,Breanna Stewart,1611661313,New York Liberty,4,0,52,Missed Shot,Cutting Layup Shot,2PT Field Goal,Restricted Area,Center(C),Less Than 8 ft.,3,-21,29,1,0,20250708,NYL,LVA
Shot Chart Detail,1022500134,16,1627668,Breanna Stewart,1611661313,New York Liberty,1,8,23,Made Shot,Cutting Layup Shot,2PT Field Goal,Restricted Area,Center(C),Less Than 8 ft.,3,32,4,1,1,20250713,NYL,ATL
Shot Chart Detail,1022500134,20,1627668,Breanna Stewart,1611661313,New York Liberty,1,7,58,Missed Shot,Running Jump Shot,3PT Field Goal,Above the Break 3,Left Side Center(LC),24+ ft.,25,-152,210,1,0,20250713,NYL,ATL
Shot Chart Detail,1022500134,36,1627668,Breanna Stewart,1611661313,New York Liberty,1,7,3,Made Shot,Driving Floating Bank Jump Shot,2PT Field Goal,Restricted Area,Center(C),Less Than 8 ft.,3,23,22,1,1,20250713,NYL,ATL
Shot Chart Detail,1022500134,43,1627668,Breanna Stewart,1611661313,New York Liberty,1,6,3,Missed Shot,Pullup Jump shot,3PT Field Goal,Above the Break 3,Right Side Center(RC),24+ ft.,25,140,213,1,0,20250713,NYL,ATL
Shot Chart Detail,1022500134,69,1627668,Breanna Stewart,1611661313,New York Liberty,1,3,53,Missed Shot,Cutting Layup Shot,2PT Field Goal,In The Paint (Non-RA),Center(C),Less Than 8 ft.,4,-41,12,1,0,20250713,NYL,ATL
Shot Chart Detail,1022500134,98,1627668,Breanna Stewart,1611661313,New York Liberty,1,2,24,Missed Shot,Pullup Jump shot,2PT Field Goal,Mid-Range,Right Side(R),8-16 ft.,15,116,98,1,0,20250713,NYL,ATL
Shot Chart Detail,1022500134,254,1627668,Breanna Stewart,1611661313,New York Liberty,2,2,45,Made Shot,Driving Layup Shot,2PT Field Goal,Restricted Area,Center(C),Less Than 8 ft.,1,-19,2,1,1,20250713,NYL,ATL
Shot Chart Detail,1022500134,276,1627668,Breanna Stewart,1611661313,New York Liberty,2,1,30,Missed Shot,Step Back Jump shot,2PT Field Goal,Mid-Range,Left Side Center(LC),16-24 ft.,16,-104,134,1,0,20250713,NYL,ATL
Shot Chart Detail,1022500134,278,1627668,Breanna Stewart,1611661313,New York Liberty,2,1,24,Missed Shot,Cutting Layup Shot,2PT Field Goal,Restricted Area,Center(C),Less Than 8 ft.,3,-34,17,1,0,20250713,NYL,ATL
Shot Chart Detail,1022500134,338,1627668,Breanna Stewart,1611661313,New York Liberty,3,7,9,Made Shot,Pullup Jump shot,3PT Field Goal,Above the Break 3,Left Side Center(LC),24+ ft.,26,-157,217,1,1,20250713,NYL,ATL
Shot Chart Detail,1022500134,350,1627668,Breanna Stewart,1611661313,New York Liberty,3,6,16,Missed Shot,Fadeaway Jump Shot,2PT Field Goal,In The Paint (Non-RA),Center(C),Less Than 8 ft.,7,-43,63,1,0,20250713,NYL,ATL
Shot Chart Detail,1022500134,400,1627668,Breanna Stewart,1611661313,New York Liberty,3,3,15,Made Shot,Turnaround Bank shot,2PT Field Goal,In The Paint (Non-RA),Center(C),Less Than 8 ft.,6,-46,44,1,1,20250713,NYL,ATL
Shot Chart Detail,1022500134,420,1627668,Breanna Stewart,1611661313,New York Liberty,3,2,1,Missed Shot,Driving Layup Shot,2PT Field Goal,In The Paint (Non-RA),Center(C),Less Than 8 ft.,6,-39,47,1,0,20250713,NYL,ATL
Shot Chart Detail,1022500134,446,1627668,Breanna Stewart,1611661313,New York Liberty,3,0,0,Missed Shot,Pullup Jump shot,3PT Field Goal,Above the Break 3,Center(C),24+ ft.,27,4,270,1,0,20250713,NYL,ATL
Shot Chart Detail,1022500134,470,1627668,Breanna Stewart,1611661313,New York Liberty,4,7,31,Missed Shot,Running Finger Roll Layup Shot,2PT Field Goal,In The Paint (Non-RA),Center(C),Less Than 8 ft.,4,39,17,1,0,20250713,NYL,ATL
Shot Chart Detail,1022500134,486,1627668,Breanna Stewart,1611661313,New York Liberty,4,7,25,Missed Shot,Fadeaway Jump Shot,2PT Field Goal,In The Paint (Non-RA),Center(C),Less Than 8 ft.,6,67,-3,1,0,20250713,NYL,ATL
Shot Chart Detail,1022500134,499,1627668,Breanna Stewart,1611661313,New York Liberty,4,6,29,Missed Shot,Cutting Layup Shot,2PT Field Goal,In The Paint (Non-RA),Center(C),Less Than 8 ft.,4,-39,28,1,0,20250713,NYL,ATL
Shot Chart Detail,1022500134,569,1627668,Breanna Stewart,1611661313,New York Liberty,4,0,50,Made Shot,Driving Finger Roll Layup Shot,2PT Field Goal,In The Paint (Non-RA),Center(C),Less Than 8 ft.,5,-9,54,1,1,20250713,NYL,ATL
Shot Chart Detail,1022500134,578,1627668,Breanna Stewart,1611661313,New York Liberty,4,0,34,Made Shot,Running Layup Shot,2PT Field Goal,In The Paint (Non-RA),Center(C),Less Than 8 ft.,4,34,35,1,1,20250713,NYL,ATL
Shot Chart Detail,1022500144,28,1627668,Breanna Stewart,1611661313,New York Liberty,1,7,11,Made Shot,Fadeaway Jump Shot,2PT Field Goal,In The Paint (Non-RA),Center(C),8-16 ft.,9,-39,83,1,1,20250716,NYL,IND
Shot Chart Detail,1022500144,32,1627668,Breanna Stewart,1611661313,New York Liberty,1,6,40,Made Shot,Driving Layup Shot,2PT Field Goal,In The Paint (Non-RA),Center(C),Less Than 8 ft.,5,-1,52,1,1,20250716,NYL,IND
Shot Chart Detail,1022500144,93,1627668,Breanna Stewart,1611661313,New York Liberty,1,1,56,Missed Shot,Running Layup Shot,2PT Field Goal,In The Paint (Non-RA),Center(C),Less Than 8 ft.,4,-32,30,1,0,20250716,NYL,IND
Shot Chart Detail,1022500144,148,1627668,Breanna Stewart,1611661313,New York Liberty,2,8,22,Made Shot,Driving Layup Shot,2PT Field Goal,Restricted Area,Center(C),Less Than 8 ft.,3,26,29,1,1,20250716,NYL,IND
Shot Chart Detail,1022500144,156,1627668,Breanna Stewart,1611661313,New York Liberty,2,7,47,Made Shot,Driving Layup Shot,2PT Field Goal,Restricted Area,Center(C),Less Than 8 ft.,3,17,35,1,1,20250716,NYL,IND
Shot Chart Detail,1022500144,190,1627668,Breanna Stewart,1611661313,New York Liberty,2,4,43,Missed Shot,Jump Shot,3PT Field Goal,Above the Break 3,Right Side Center(RC),24+ ft.,23,190,145,1,0,20250716,NYL,IND
Shot Chart Detail,1022500144,205,1627668,Breanna Stewart,1611661313,New York Liberty,2,3,31,Made Shot,Running Layup Shot,2PT Field Goal,Restricted Area,Center(C),Less Than 8 ft.,1,13,11,1,1,20250716,NYL,IND
Shot Chart Detail,1022500144,283,1627668,Breanna Stewart,1611661313,New York Liberty,2,0,1,Missed Shot,Driving Floating Jump Shot,2PT Field Goal,In The Paint (Non-RA),Center(C),8-16 ft.,8,39,78,1,0,20250716,NYL,IND
Shot Chart Detail,1022500144,297,1627668,Breanna Stewart,1611661313,New York Liberty,3,9,48,Made Shot,Layup Shot,2PT Field Goal,In The Paint (Non-RA),Center(C),Less Than 8 ft.,4,-38,15,1,1,20250716,NYL,IND
Shot Chart Detail,1022500144,302,1627668,Breanna Stewart,1611661313,New York Liberty,3,9,15,Missed Shot,Driving Floating Jump Shot,2PT Field Goal,In The Paint (Non-RA),Center(C),8-16 ft.,11,34,113,1,0,20250716,NYL,IND
Shot Chart Detail,1022500144,323,1627668,Breanna Stewart,1611661313,New York Liberty,3,7,20,Made Shot,Cutting Layup Shot,2PT Field Goal,Restricted Area,Center(C),Less Than 8 ft.,1,-12,15,1,1,20250716,NYL,IND
Shot Chart Detail,1022500144,339,1627668,Breanna Stewart,1611661313,New York Liberty,3,6,25,Missed Shot,Turnaround Fadeaway shot,2PT Field Goal,Mid-Range,Right Side(R),8-16 ft.,12,117,49,1,0,20250716,NYL,IND
Shot Chart Detail,1022500144,351,1627668,Breanna Stewart,1611661313,New York Liberty,3,4,50,Made Shot,Driving Floating Jump Shot,2PT Field Goal,In The Paint (Non-RA),Center(C),Less Than 8 ft.,7,-26,71,1,1,20250716,NYL,IND
Shot Chart Detail,1022500144,358,1627668,Breanna Stewart,1611661313,New York Liberty,3,3,57,Made Shot,Running Layup Shot,2PT Field Goal,Restricted Area,Center(C),Less Than 8 ft.,1,-18,6,1,1,20250716,NYL,IND
Shot Chart Detail,1022500144,502,1627668,Breanna Stewart,1611661313,New York Liberty,4,5,3,Made Shot,Running Layup Shot,2PT Field Goal,Restricted Area,Center(C),Less Than 8 ft.,1,17,10,1,1,20250716,NYL,IND
Shot Chart Detail,1022500147,87,1627668,Breanna Stewart,1611661313,New York Liberty,1,3,6,Missed Shot,Fadeaway Jump Shot,2PT Field Goal,In The Paint (Non-RA),Center(C),8-16 ft.,10,46,99,1,0,20250722,NYL,IND
Shot Chart Detail,1022500147,95,1627668,Breanna Stewart,1611661313,New York Liberty,1,2,33,Made Shot,Running Layup Shot,2PT Field Goal,Restricted Area,Center(C),Less Than 8 ft.,3,22,22,1,1,20250722,NYL,IND
Shot Chart Detail,1022500147,148,1627668,Breanna Stewart,1611661313,New York Liberty,2,8,18,Made Shot,Pullup Jump shot,2PT Field Goal,In The Paint (Non-RA),Center(C),8-16 ft.,10,-9,100,1,1,20250722,NYL,IND
Shot Chart Detail,1022500147,218,1627668,Breanna Stewart,1611661313,New York Liberty,2,2,52,Missed Shot,Jump Shot,3PT Field Goal,Above the Break 3,Left Side Center(LC),24+ ft.,27,-135,234,1,0,20250722,NYL,IND
Shot Chart Detail,1022500147,280,1627668,Breanna Stewart,1611661313,New York Liberty,3,9,17,Missed Shot,Turnaround Jump Shot,2PT Field Goal,In The Paint (Non-RA),Left Side(L),8-16 ft.,10,-52,86,1,0,20250722,NYL,IND
Shot Chart Detail,1022500147,295,1627668,Breanna Stewart,1611661313,New York Liberty,3,8,5,Made Shot,Running Layup Shot,2PT Field Goal,Restricted Area,Center(C),Less Than 8 ft.,1,15,7,1,1,20250722,NYL,IND
Shot Chart Detail,1022500147,309,1627668,Breanna Stewart,1611661313,New York Liberty,3,6,44,Missed Shot,Driving Layup Shot,2PT Field Goal,In The Paint (Non-RA),Center(C),Less Than 8 ft.,6,-13,63,1,0,20250722,NYL,IND
Shot Chart Detail,1022500147,355,1627668,Breanna Stewart,1611661313,New York Liberty,3,4,26,Missed Shot,Turnaround Jump Shot,2PT Field Goal,In The Paint (Non-RA),Center(C),Less Than 8 ft.,6,-41,50,1,0,20250722,NYL,IND
Shot Chart Detail,1022500147,415,1627668,Breanna Stewart,1611661313,New York Liberty,3,1,5,Made Shot,Running Layup Shot,2PT Field Goal,Restricted Area,Center(C),Less Than 8 ft.,1,18,-1,1,1,20250722,NYL,IND
Shot Chart Detail,1022500147,426,1627668,Breanna Stewart,1611661313,New York Liberty,3,0,4,Made Shot,Driving Layup Shot,2PT Field Goal,Restricted Area,Center(C),Less Than 8 ft.,1,-8,11,1,1,20250722,NYL,IND
Shot Chart Detail,1022500147,477,1627668,Breanna Stewart,1611661313,New York Liberty,4,7,7,Made Shot,Turnaround Fadeaway shot,2PT Field Goal,In The Paint (Non-RA),Center(C),8-16 ft.,8,-34,79,1,1,20250722,NYL,IND
Shot Chart Detail,1022500155,21,1627668,Breanna Stewart,1611661313,New York Liberty,1,8,7,Missed Shot,Jump Shot,2PT Field Goal,Mid-Range,Right Side(R),8-16 ft.,11,93,72,1,0,20250725,NYL,PHX
Shot Chart Detail,1022500155,28,1627668,Breanna Stewart,1611661313,New York Liberty,1,7,22,Missed Shot,Jump Shot,2PT Field Goal,Mid-Range,Center(C),8-16 ft.,14,4,146,1,0,20250725,NYL,PHX
Shot Chart Detail,1022500155,62,1627668,Breanna Stewart,1611661313,New York Liberty,1,5,10,Missed Shot,Jump Shot,3PT Field Goal,Above the Break 3,Center(C),24+ ft.,24,-27,240,1,0,20250725,NYL,PHX
Shot Chart Detail,1022500155,75,1627668,Breanna Stewart,1611661313,New York Liberty,1,3,50,Made Shot,Cutting Layup Shot,2PT Field Goal,Restricted Area,Center(C),Less Than 8 ft.,3,32,23,1,1,20250725,NYL,PHX
Shot Chart Detail,1022500155,106,1627668,Breanna Stewart,1611661313,New York Liberty,1,2,19,Missed Shot,Jump Shot,3PT Field Goal,Above the Break 3,Center(C),16-24 ft.,23,41,233,1,0,20250725,NYL,PHX
Shot Chart Detail,1022500155,147,1627668,Breanna Stewart,1611661313,New York Liberty,1,0,23,Missed Shot,Cutting Layup Shot,2PT Field Goal,In The Paint (Non-RA),Center(C),Less Than 8 ft.,5,-29,41,1,0,20250725,NYL,PHX
Shot Chart Detail,1022500155,149,1627668,Breanna Stewart,1611661313,New York Liberty,1,0,20,Made Shot,Putback Layup Shot,2PT Field Goal,In The Paint (Non-RA),Center(C),Less Than 8 ft.,4,-34,30,1,1,20250725,NYL,PHX
Shot Chart Detail,1022500155,227,1627668,Breanna Stewart,1611661313,New York Liberty,2,6,7,Missed Shot,Jump Shot,3PT Field Goal,Above the Break 3,Left Side Center(LC),24+ ft.,25,-149,206,1,0,20250725,NYL,PHX
Shot Chart Detail,1022500155,235,1627668,Breanna Stewart,1611661313,New York Liberty,2,5,35,Missed Shot,Cutting Finger Roll Layup Shot,2PT Field Goal,In The Paint (Non-RA),Center(C),Less Than 8 ft.,5,-22,45,1,0,20250725,NYL,PHX
Shot Chart Detail,1022500155,429,1627668,Breanna Stewart,1611661313,New York Liberty,3,2,19,Made Shot,Cutting Layup Shot,2PT Field Goal,In The Paint (Non-RA),Center(C),Less Than 8 ft.,4,31,28,1,1,20250725,NYL,PHX
Shot Chart Detail,1022500155,559,1627668,Breanna Stewart,1611661313,New York Liberty,4,3,35,Missed Shot,Jump Shot,2PT Field Goal,Mid-Range,Left Side(L),8-16 ft.,11,-117,13,1,0,20250725,NYL,PHX
Shot Chart Detail,1022500155,563,1627668,Breanna Stewart,1611661313,New York Liberty,4,3,20,Missed Shot,Driving Layup Shot,2PT Field Goal,In The Paint (Non-RA),Center(C),Less Than 8 ft.,4,37,27,1,0,20250725,NYL,PHX
Shot Chart Detail,1022500159,23,1627668,Breanna Stewart,1611661313,New York Liberty,1,7,50,Made Shot,Jump Shot,3PT Field Goal,Above the Break 3,Center(C),24+ ft.,24,0,240,1,1,20250726,NYL,LAS
Shot Chart Detail,1022500159,35,1627668,Breanna Stewart,1611661313,New York Liberty,1,6,47,Missed Shot,Driving Layup Shot,2PT Field Goal,Restricted Area,Center(C),Less Than 8 ft.,1,-12,2,1,0,20250726,NYL,LAS
Shot Chart Detail,1022500241,7,1627668,Breanna Stewart,1611661313,New York Liberty,1,9,41,Missed Shot,Driving Layup Shot,2PT Field Goal,In The Paint (Non-RA),Center(C),Less Than 8 ft.,5,44,39,1,0,20250825,NYL,CON
Shot Chart Detail,1022500241,38,1627668,Breanna Stewart,1611661313,New York Liberty,1,6,53,Missed Shot,Running Layup Shot,2PT Field Goal,In The Paint (Non-RA),Center(C),Less Than 8 ft.,5,-28,47,1,0,20250825,NYL,CON
Shot Chart Detail,1022500241,43,1627668,Breanna Stewart,1611661313,New York Liberty,1,6,34,Made Shot,Running Jump Shot,2PT Field Goal,In The Paint (Non-RA),Center(C),Less Than 8 ft.,6,37,49,1,1,20250825,NYL,CON
Shot Chart Detail,1022500241,111,1627668,Breanna Stewart,1611661313,New York Liberty,1,1,19,Made Shot,Cutting Layup Shot,2PT Field Goal,Restricted Area,Center(C),Less Than 8 ft.,3,24,23,1,1,20250825,NYL,CON
Shot Chart Detail,1022500241,123,1627668,Breanna Stewart,1611661313,New York Liberty,1,0,6,Missed Shot,Jump Shot,3PT Field Goal,Above the Break 3,Right Side Center(RC),24+ ft.,23,141,194,1,0,20250825,NYL,CON
Shot Chart Detail,1022500241,137,1627668,Breanna Stewart,1611661313,New York Liberty,2,8,59,Missed Shot,Jump Shot,2PT Field Goal,Mid-Range,Right Side(R),16-24 ft.,20,201,18,1,0,20250825,NYL,CON
Shot Chart Detail,1022500241,221,1627668,Breanna Stewart,1611661313,New York Liberty,2,2,46,Made Shot,Driving Layup Shot,2PT Field Goal,In The Paint (Non-RA),Center(C),Less Than 8 ft.,4,-39,24,1,1,20250825,NYL,CON
Shot Chart Detail,1022500241,289,1627668,Breanna Stewart,1611661313,New York Liberty,3,7,10,Missed Shot,Jump Shot,3PT Field Goal,Above the Break 3,Right Side Center(RC),16-24 ft.,23,166,166,1,0,20250825,NYL,CON
Shot Chart Detail,1022500241,293,1627668,Breanna Stewart,1611661313,New York Liberty,3,6,38,Made Shot,Cutting Layup Shot,2PT Field Goal,In The Paint (Non-RA),Center(C),Less Than 8 ft.,4,31,32,1,1,20250825,NYL,CON
Shot Chart Detail,1022500241,403,1627668,Breanna Stewart,1611661313,New York Liberty,3,0,0,Missed Shot,Turnaround Bank shot,2PT Field Goal,Mid-Range,Right Side(R),16-24 ft.,19,156,109,1,0,20250825,NYL,CON
Shot Chart Detail,1022500241,423,1627668,Breanna Stewart,1611661313,New York Liberty,4,8,31,Missed Shot,Fadeaway Jump Shot,2PT Field Goal,In The Paint (Non-RA),Center(C),Less Than 8 ft.,6,1,68,1,0,20250825,NYL,CON
Shot Chart Detail,1022500241,507,1627668,Breanna Stewart,1611661313,New York Liberty,4,1,32,Missed Shot,Cutting Layup Shot,2PT Field Goal,Restricted Area,Center(C),Less Than 8 ft.,3,24,31,1,0,20250825,NYL,CON
Shot Chart Detail,1022500247,28,1627668,Breanna Stewart,1611661313,New York Liberty,1,7,28,Missed Shot,Pullup Jump shot,3PT Field Goal,Above the Break 3,Right Side Center(RC),24+ ft.,25,110,227,1,0,20250828,NYL,WAS
Shot Chart Detail,1022500247,42,1627668,Breanna Stewart,1611661313,New York Liberty,1,5,58,Missed Shot,Jump Shot,3PT Field Goal,Above the Break 3,Left Side(L),16-24 ft.,23,-202,119,1,0,20250828,NYL,WAS
Shot Chart Detail,1022500247,124,1627668,Breanna Stewart,1611661313,New York Liberty,2,9,44,Missed Shot,Driving Layup Shot,2PT Field Goal,In The Paint (Non-RA),Center(C),Less Than 8 ft.,4,44,11,1,0,20250828,NYL,WAS
Shot Chart Detail,1022500247,250,1627668,Breanna Stewart,1611661313,New York Liberty,3,8,49,Missed Shot,Layup Shot,2PT Field Goal,Restricted Area,Center(C),Less Than 8 ft.,3,-29,24,1,0,20250828,NYL,WAS
Shot Chart Detail,1022500247,266,1627668,Breanna Stewart,1611661313,New York Liberty,3,7,10,Made Shot,Running Layup Shot,2PT Field Goal,Restricted Area,Center(C),Less Than 8 ft.,2,21,20,1,1,20250828,NYL,WAS
Shot Chart Detail,1022500247,353,1627668,Breanna Stewart,1611661313,New York Liberty,3,1,36,Missed Shot,Fadeaway Bank shot,2PT Field Goal,In The Paint (Non-RA),Center(C),Less Than 8 ft.,5,43,30,1,0,20250828,NYL,WAS
Shot Chart Detail,1022500247,460,1627668,Breanna Stewart,1611661313,New York Liberty,4,4,50,Made Shot,Pullup Jump shot,3PT Field Goal,Above the Break 3,Right Side Center(RC),24+ ft.,25,160,202,1,1,20250828,NYL,WAS
Shot Chart Detail,1022500247,484,1627668,Breanna Stewart,1611661313,New York Liberty,4,2,19,Made Shot,Cutting Layup Shot,2PT Field Goal,In The Paint (Non-RA),Center(C),Less Than 8 ft.,4,-27,30,1,1,20250828,NYL,WAS
Shot Chart Detail,1022500247,492,1627668,Breanna Stewart,1611661313,New York Liberty,4,1,31,Made Shot,Cutting Layup Shot,2PT Field Goal,Restricted Area,Center(C),Less Than 8 ft.,3,16,31,1,1,20250828,NYL,WAS
Shot Chart Detail,1022500255,53,1627668,Breanna Stewart,1611661313,New York Liberty,1,5,40,Missed Shot,Jump Shot,3PT Field Goal,Right Corner 3,Right Side(R),24+ ft.,23,238,-14,1,0,20250830,PHX,NYL
Shot Chart Detail,1022500255,57,1627668,Breanna Stewart,1611661313,New York Liberty,1,5,20,Made Shot,Pullup Jump shot,3PT Field Goal,Above the Break 3,Right Side Center(RC),24+ ft.,24,82,235,1,1,20250830,PHX,NYL
Shot Chart Detail,1022500255,171,1627668,Breanna Stewart,1611661313,New York Liberty,2,6,53,Made Shot,Running Jump Shot,3PT Field Goal,Above the Break 3,Right Side Center(RC),24+ ft.,26,85,255,1,1,20250830,PHX,NYL
Shot Chart Detail,1022500255,268,1627668,Breanna Stewart,1611661313,New York Liberty,3,8,52,Missed Shot,Jump Bank Shot,3PT Field Goal,Above the Break 3,Center(C),24+ ft.,25,-7,256,1,0,20250830,PHX,NYL
Shot Chart Detail,1022500255,285,1627668,Breanna Stewart,1611661313,New York Liberty,3,7,11,Missed Shot,Step Back Jump shot,3PT Field Goal,Above the Break 3,Left Side Center(LC),24+ ft.,25,-89,235,1,0,20250830,PHX,NYL
Shot Chart Detail,1022500255,304,1627668,Breanna Stewart,1611661313,New York Liberty,3,5,51,Made Shot,Driving Floating Bank Jump Shot,2PT Field Goal,In The Paint (Non-RA),Right Side(R),8-16 ft.,12,72,108,1,1,20250830,PHX,NYL
Shot Chart Detail,1022500255,426,1627668,Breanna Stewart,1611661313,New York Liberty,4,8,10,Made Shot,Finger Roll Layup Shot,2PT Field Goal,Restricted Area,Center(C),Less Than 8 ft.,3,-17,34,1,1,20250830,PHX,NYL
Shot Chart Detail,1022500255,439,1627668,Breanna Stewart,1611661313,New York Liberty,4,7,2,Missed Shot,Driving Floating Jump Shot,2PT Field Goal,Restricted Area,Center(C),Less Than 8 ft.,1,6,10,1,0,20250830,PHX,NYL
Shot Chart Detail,1022500255,472,1627668,Breanna Stewart,1611661313,New York Liberty,4,4,9,Missed Shot,Fadeaway Jump Shot,2PT Field Goal,Restricted Area,Center(C),Less Than 8 ft.,2,13,18,1,0,20250830,PHX,NYL
Shot Chart Detail,1022500261,7,1627668,Breanna Stewart,1611661313,New York Liberty,1,9,37,Missed Shot,Pullup Jump shot,2PT Field Goal,Mid-Range,Center(C),16-24 ft.,17,3,171,1,0,20250902,GSV,NYL
Shot Chart Detail,1022500261,15,1627668,Breanna Stewart,1611661313,New York Liberty,1,8,30,Missed Shot,Running Layup Shot,2PT Field Goal,In The Paint (Non-RA),Center(C),Less Than 8 ft.,4,-40,17,1,0,20250902,GSV,NYL
Shot Chart Detail,1022500261,35,1627668,Breanna Stewart,1611661313,New York Liberty,1,6,27,Missed Shot,Pullup Jump shot,3PT Field Goal,Above the Break 3,Left Side Center(LC),24+ ft.,24,-207,135,1,0,20250902,GSV,NYL
Shot Chart Detail,1022500261,48,1627668,Breanna Stewart,1611661313,New York Liberty,1,4,53,Missed Shot,Driving Layup Shot,2PT Field Goal,In The Paint (Non-RA),Center(C),Less Than 8 ft.,5,-5,55,1,0,20250902,GSV,NYL
Shot Chart Detail,1022500261,101,1627668,Breanna Stewart,1611661313,New York Liberty,1,1,6,Made Shot,Running Layup Shot,2PT Field Goal,Restricted Area,Center(C),Less Than 8 ft.,1,-10,15,1,1,20250902,GSV,NYL
Shot Chart Detail,1022500261,152,1627668,Breanna Stewart,1611661313,New York Liberty,2,7,37,Missed Shot,Turnaround Fadeaway shot,2PT Field Goal,In The Paint (Non-RA),Center(C),Less Than 8 ft.,7,18,74,1,0,20250902,GSV,NYL
Shot Chart Detail,1022500261,230,1627668,Breanna Stewart,1611661313,New York Liberty,2,2,51,Missed Shot,Running Jump Shot,3PT Field Goal,Above the Break 3,Left Side Center(LC),24+ ft.,24,-214,113,1,0,20250902,GSV,NYL
Shot Chart Detail,1022500261,257,1627668,Breanna Stewart,1611661313,New York Liberty,2,0,24,Missed Shot,Running Pull-Up Jump Shot,2PT Field Goal,Mid-Range,Left Side(L),8-16 ft.,9,-91,34,1,0,20250902,GSV,NYL
Shot Chart Detail,1022500261,307,1627668,Breanna Stewart,1611661313,New York Liberty,3,5,54,Missed Shot,Turnaround Fadeaway shot,2PT Field Goal,In The Paint (Non-RA),Center(C),Less Than 8 ft.,7,8,71,1,0,20250902,GSV,NYL
Shot Chart Detail,1022500261,311,1627668,Breanna Stewart,1611661313,New York Liberty,3,5,19,Missed Shot,Jump Shot,3PT Field Goal,Above the Break 3,Right Side(R),24+ ft.,24,233,76,1,0,20250902,GSV,NYL
Shot Chart Detail,1022500261,326,1627668,Breanna Stewart,1611661313,New York Liberty,3,4,43,Missed Shot,Layup Shot,2PT Field Goal,In The Paint (Non-RA),Center(C),Less Than 8 ft.,4,-33,33,1,0,20250902,GSV,NYL
Shot Chart Detail,1022500261,363,1627668,Breanna Stewart,1611661313,New York Liberty,3,2,51,Made Shot,Layup Shot,2PT Field Goal,Restricted Area,Center(C),Less Than 8 ft.,3,-21,24,1,1,20250902,GSV,NYL
Shot Chart Detail,1022500261,379,1627668,Breanna Stewart,1611661313,New York Liberty,3,1,22,Made Shot,Jump Shot,3PT Field Goal,Above the Break 3,Left Side Center(LC),24+ ft.,25,-177,178,1,1,20250902,GSV,NYL
Shot Chart Detail,1022500261,450,1627668,Breanna Stewart,1611661313,New York Liberty,4,5,45,Missed Shot,Jump Shot,3PT Field Goal,Above the Break 3,Center(C),16-24 ft.,23,58,229,1,0,20250902,GSV,NYL
Shot Chart Detail,1022500261,472,1627668,Breanna Stewart,1611661313,New York Liberty,4,3,52,Made Shot,Driving Layup Shot,2PT Field Goal,In The Paint (Non-RA),Center(C),Less Than 8 ft.,5,4,55,1,1,20250902,GSV,NYL
Shot Chart Detail,1022500270,42,1627668,Breanna Stewart,1611661313,New York Liberty,1,5,33,Missed Shot,Turnaround Fadeaway shot,2PT Field Goal,In The Paint (Non-RA),Center(C),8-16 ft.,10,41,98,1,0,20250905,SEA,NYL
Shot Chart Detail,1022500270,51,1627668,Breanna Stewart,1611661313,New York Liberty,1,5,8,Made Shot,Running Layup Shot,2PT Field Goal,Restricted Area,Center(C),Less Than 8 ft.,3,6,38,1,1,20250905,SEA,NYL
Shot Chart Detail,1022500270,98,1627668,Breanna Stewart,1611661313,New York Liberty,1,1,32,Missed Shot,Fadeaway Bank shot,2PT Field Goal,In The Paint (Non-RA),Center(C),Less Than 8 ft.,6,39,47,1,0,20250905,SEA,NYL
Shot Chart Detail,1022500270,107,1627668,Breanna Stewart,1611661313,New York Liberty,1,0,44,Missed Shot,Driving Layup Shot,2PT Field Goal,In The Paint (Non-RA),Center(C),Less Than 8 ft.,5,28,46,1,0,20250905,SEA,NYL
Shot Chart Detail,1022500270,159,1627668,Breanna Stewart,1611661313,New York Liberty,2,6,45,Missed Shot,Turnaround Jump Shot,2PT Field Goal,Mid-Range,Right Side(R),8-16 ft.,8,85,24,1,0,20250905,SEA,NYL
Shot Chart Detail,1022500270,161,1627668,Breanna Stewart,1611661313,New York Liberty,2,6,37,Made Shot,Turnaround Fadeaway shot,2PT Field Goal,Mid-Range,Center(C),16-24 ft.,16,-46,157,1,1,20250905,SEA,NYL
Shot Chart Detail,1022500270,194,1627668,Breanna Stewart,1611661313,New York Liberty,2,4,13,Made Shot,Running Layup Shot,2PT Field Goal,Restricted Area,Center(C),Less Than 8 ft.,2,-3,28,1,1,20250905,SEA,NYL
Shot Chart Detail,1022500270,234,1627668,Breanna Stewart,1611661313,New York Liberty,2,0,55,Missed Shot,Driving Layup Shot,2PT Field Goal,Restricted Area,Center(C),Less Than 8 ft.,3,28,22,1,0,20250905,SEA,NYL
Shot Chart Detail,1022500270,313,1627668,Breanna Stewart,1611661313,New York Liberty,3,4,34,Missed Shot,Jump Shot,2PT Field Goal,Mid-Range,Right Side(R),16-24 ft.,19,191,9,1,0,20250905,SEA,NYL
Shot Chart Detail,1022500270,435,1627668,Breanna Stewart,1611661313,New York Liberty,4,7,15,Made Shot,Pullup Jump shot,3PT Field Goal,Above the Break 3,Center(C),16-24 ft.,23,-38,230,1,1,20250905,SEA,NYL
Shot Chart Detail,1022500270,492,1627668,Breanna Stewart,1611661313,New York Liberty,4,3,9,Made Shot,Driving Layup Shot,2PT Field Goal,Restricted Area,Center(C),Less Than 8 ft.,3,27,16,1,1,20250905,SEA,NYL
Shot Chart Detail,1022500277,11,1627668,Breanna Stewart,1611661313,New York Liberty,1,9,17,Missed Shot,Reverse Layup Shot,2PT Field Goal,Restricted Area,Center(C),Less Than 8 ft.,1,18,5,1,0,20250909,NYL,WAS
Shot Chart Detail,1022500277,16,1627668,Breanna Stewart,1611661313,New York Liberty,1,8,38,Made Shot,Jump Shot,3PT Field Goal,Above the Break 3,Center(C),24+ ft.,24,-1,248,1,1,20250909,NYL,WAS
Shot Chart Detail,1022500277,54,1627668,Breanna Stewart,1611661313,New York Liberty,1,5,44,Missed Shot,Jump Shot,3PT Field Goal,Above the Break 3,Right Side Center(RC),24+ ft.,25,113,225,1,0,20250909,NYL,WAS
Shot Chart Detail,1022500277,59,1627668,Breanna Stewart,1611661313,New York Liberty,1,5,17,Missed Shot,Turnaround Jump Shot,2PT Field Goal,In The Paint (Non-RA),Center(C),Less Than 8 ft.,6,-11,64,1,0,20250909,NYL,WAS
Shot Chart Detail,1022500277,71,1627668,Breanna Stewart,1611661313,New York Liberty,1,3,46,Made Shot,Driving Floating Jump Shot,2PT Field Goal,In The Paint (Non-RA),Center(C),Less Than 8 ft.,5,-16,53,1,1,20250909,NYL,WAS
Shot Chart Detail,1022500277,176,1627668,Breanna Stewart,1611661313,New York Liberty,2,6,14,Made Shot,Driving Floating Jump Shot,2PT Field Goal,In The Paint (Non-RA),Center(C),Less Than 8 ft.,7,7,71,1,1,20250909,NYL,WAS
Shot Chart Detail,1022500277,218,1627668,Breanna Stewart,1611661313,New York Liberty,2,3,54,Made Shot,Jump Shot,2PT Field Goal,In The Paint (Non-RA),Center(C),Less Than 8 ft.,5,-41,29,1,1,20250909,NYL,WAS
Shot Chart Detail,1022500277,226,1627668,Breanna Stewart,1611661313,New York Liberty,2,2,58,Missed Shot,Running Layup Shot,2PT Field Goal,In The Paint (Non-RA),Center(C),Less Than 8 ft.,4,-39,25,1,0,20250909,NYL,WAS
Shot Chart Detail,1022500277,310,1627668,Breanna Stewart,1611661313,New York Liberty,3,6,42,Missed Shot,Driving Layup Shot,2PT Field Goal,In The Paint (Non-RA),Center(C),Less Than 8 ft.,4,-35,31,1,0,20250909,NYL,WAS
Shot Chart Detail,1022500277,348,1627668,Breanna Stewart,1611661313,New York Liberty,3,4,14,Missed Shot,Running Jump Shot,2PT Field Goal,Mid-Range,Right Side(R),8-16 ft.,14,141,22,1,0,20250909,NYL,WAS
Shot Chart Detail,1022500277,448,1627668,Breanna Stewart,1611661313,New York Liberty,4,6,44,Made Shot,Jump Shot,2PT Field Goal,In The Paint (Non-RA),Center(C),8-16 ft.,12,-59,110,1,1,20250909,NYL,WAS
Shot Chart Detail,1022500277,452,1627668,Breanna Stewart,1611661313,New York Liberty,4,6,15,Missed Shot,Cutting Layup Shot,2PT Field Goal,Restricted Area,Center(C),Less Than 8 ft.,3,17,28,1,0,20250909,NYL,WAS
Shot Chart Detail,1022500283,21,1627668,Breanna Stewart,1611661313,New York Liberty,1,8,21,Missed Shot,Driving Floating Jump Shot,2PT Field Goal,In The Paint (Non-RA),Center(C),Less Than 8 ft.,4,6,40,1,0,20250911,CHI,NYL
Shot Chart Detail,1022500283,23,1627668,Breanna Stewart,1611661313,New York Liberty,1,8,18,Missed Shot,Tip Layup Shot,2PT Field Goal,Restricted Area,Center(C),Less Than 8 ft.,0,0,-6,1,0,20250911,CHI,NYL
Shot Chart Detail,1022500283,56,1627668,Breanna Stewart,1611661313,New York Liberty,1,5,3,Made Shot,Cutting Layup Shot,2PT Field Goal,Restricted Area,Center(C),Less Than 8 ft.,0,-1,7,1,1,20250911,CHI,NYL
Shot Chart Detail,1022500283,59,1627668,Breanna Stewart,1611661313,New York Liberty,1,4,37,Made Shot,Cutting Layup Shot,2PT Field Goal,Restricted Area,Center(C),Less Than 8 ft.,1,-5,15,1,1,20250911,CHI,NYL
Shot Chart Detail,1022500283,103,1627668,Breanna Stewart,1611661313,New York Liberty,1,1,2,Made Shot,Running Layup Shot,2PT Field Goal,Restricted Area,Center(C),Less Than 8 ft.,1,12,0,1,1,20250911,CHI,NYL
Shot Chart Detail,1022500283,182,1627668,Breanna Stewart,1611661313,New York Liberty,2,5,28,Made Shot,Jump Shot,2PT Field Goal,In The Paint (Non-RA),Left Side(L),8-16 ft.,12,-68,99,1,1,20250911,CHI,NYL
Shot Chart Detail,1022500283,243,1627668,Breanna Stewart,1611661313,New York Liberty,2,1,5,Made Shot,Running Layup Shot,2PT Field Goal,Restricted Area,Center(C),Less Than 8 ft.,1,15,11,1,1,20250911,CHI,NYL
Shot Chart Detail,1022500283,249,1627668,Breanna Stewart,1611661313,New York Liberty,2,0,41,Made Shot,Jump Shot,3PT Field Goal,Above the Break 3,Left Side Center(LC),24+ ft.,25,-140,219,1,1,20250911,CHI,NYL
Shot Chart Detail,1022500283,253,1627668,Breanna Stewart,1611661313,New York Liberty,2,0,5,Missed Shot,Cutting Finger Roll Layup Shot,2PT Field Goal,Restricted Area,Center(C),Less Than 8 ft.,0,-7,7,1,0,20250911,CHI,NYL
Shot Chart Detail,1022500283,280,1627668,Breanna Stewart,1611661313,New York Liberty,3,8,44,Missed Shot,Cutting Layup Shot,2PT Field Goal,Restricted Area,Center(C),Less Than 8 ft.,1,-12,12,1,0,20250911,CHI,NYL
Shot Chart Detail,1022500283,306,1627668,Breanna Stewart,1611661313,New York Liberty,3,6,29,Made Shot,Jump Shot,2PT Field Goal,Mid-Range,Right Side(R),8-16 ft.,12,124,2,1,1,20250911,CHI,NYL
Shot Chart Detail,1022500283,310,1627668,Breanna Stewart,1611661313,New York Liberty,3,6,4,Made Shot,Running Layup Shot,2PT Field Goal,Restricted Area,Center(C),Less Than 8 ft.,0,-4,9,1,1,20250911,CHI,NYL
Shot Chart Detail,1022500283,327,1627668,Breanna Stewart,1611661313,New York Liberty,3,5,9,Missed Shot,Step Back Jump shot,2PT Field Goal,In The Paint (Non-RA),Center(C),8-16 ft.,9,-5,96,1,0,20250911,CHI,NYL
Shot Chart Detail,1022500283,359,1627668,Breanna Stewart,1611661313,New York Liberty,3,2,43,Made Shot,Pullup Jump shot,2PT Field Goal,Mid-Range,Right Side Center(RC),16-24 ft.,18,131,134,1,1,20250911,CHI,NYL
